timestamp,load_mw,temperature_forecast
2025-03-01 00:00,602.9,8.5
2025-03-01 01:00,568.9,5.4
2025-03-01 02:00,545.1,5.9
2025-03-01 03:00,586.6,6.0
2025-03-01 04:00,648.3,5.8
2025-03-01 05:00,757.3,6.5
2025-03-01 06:00,824.3,9.3
2025-03-01 07:00,944.8,6.6
2025-03-01 08:00,967.3,11.5
2025-03-01 09:00,910.9,14.5
2025-03-01 10:00,966.3,13.8
2025-03-01 11:00,895.8,15.2
2025-03-01 12:00,870.3,17.2
2025-03-01 13:00,825.2,19.3
2025-03-01 14:00,816.9,16.9
2025-03-01 15:00,826.1,18.4
2025-03-01 16:00,787.9,18.0
2025-03-01 17:00,834.2,18.1
2025-03-01 18:00,850.8,16.8
2025-03-01 19:00,822.8,16.1
2025-03-01 20:00,850.6,13.6
2025-03-01 21:00,791.6,12.5
2025-03-01 22:00,725.0,10.3
2025-03-01 23:00,649.9,8.8
2025-03-02 00:00,641.4,8.1
2025-03-02 01:00,548.9,7.2
2025-03-02 02:00,533.7,5.6
2025-03-02 03:00,557.0,8.2
2025-03-02 04:00,648.6,6.7
2025-03-02 05:00,747.5,6.1
2025-03-02 06:00,820.8,9.5
2025-03-02 07:00,899.8,8.9
2025-03-02 08:00,961.7,11.7
2025-03-02 09:00,966.6,12.7
2025-03-02 10:00,934.5,14.5
2025-03-02 11:00,904.2,15.9
2025-03-02 12:00,869.0,16.4
2025-03-02 13:00,839.7,18.0
2025-03-02 14:00,836.7,20.7
2025-03-02 15:00,809.4,16.6
2025-03-02 16:00,820.0,18.7
2025-03-02 17:00,838.2,18.5
2025-03-02 18:00,888.8,16.1
2025-03-02 19:00,855.5,14.6
2025-03-02 20:00,820.0,16.7
2025-03-02 21:00,801.1,12.6
2025-03-02 22:00,688.9,13.5
2025-03-02 23:00,648.1,10.6
2025-03-03 00:00,699.8,8.9
2025-03-03 01:00,638.0,8.3
2025-03-03 02:00,646.9,7.9
2025-03-03 03:00,691.1,8.3
2025-03-03 04:00,782.5,7.8
2025-03-03 05:00,873.8,8.1
2025-03-03 06:00,992.2,9.1
2025-03-03 07:00,1110.3,11.5
2025-03-03 08:00,1126.4,12.5
2025-03-03 09:00,1184.7,12.2
2025-03-03 10:00,1174.4,14.2
2025-03-03 11:00,1109.7,16.6
2025-03-03 12:00,1069.4,16.9
2025-03-03 13:00,1011.9,18.1
2025-03-03 14:00,995.2,18.2
2025-03-03 15:00,1007.0,19.1
2025-03-03 16:00,1002.7,19.6
2025-03-03 17:00,1029.8,19.6
2025-03-03 18:00,1027.9,17.7
2025-03-03 19:00,1015.5,18.5
2025-03-03 20:00,1004.0,14.9
2025-03-03 21:00,899.4,16.7
2025-03-03 22:00,865.0,13.0
2025-03-03 23:00,793.5,11.0
2025-03-04 00:00,723.5,8.8
2025-03-04 01:00,689.3,5.5
2025-03-04 02:00,626.5,7.6
2025-03-04 03:00,703.0,7.8
2025-03-04 04:00,736.9,9.8
2025-03-04 05:00,885.1,7.1
2025-03-04 06:00,997.0,11.3
2025-03-04 07:00,1068.9,10.4
2025-03-04 08:00,1151.9,12.9
2025-03-04 09:00,1194.9,11.2
2025-03-04 10:00,1147.3,15.4
2025-03-04 11:00,1095.9,16.4
2025-03-04 12:00,1062.6,18.7
2025-03-04 13:00,1011.0,19.1
2025-03-04 14:00,1002.4,18.5
2025-03-04 15:00,1021.5,20.8
2025-03-04 16:00,992.2,20.4
2025-03-04 17:00,1020.1,19.7
2025-03-04 18:00,1031.4,19.2
2025-03-04 19:00,999.5,18.0
2025-03-04 20:00,982.6,15.5
2025-03-04 21:00,954.2,12.6
2025-03-04 22:00,867.8,11.1
2025-03-04 23:00,731.1,12.4
2025-03-05 00:00,674.6,10.5
2025-03-05 01:00,647.2,9.0
2025-03-05 02:00,621.0,7.8
2025-03-05 03:00,663.3,8.1
2025-03-05 04:00,784.1,8.3
2025-03-05 05:00,891.9,8.6
2025-03-05 06:00,964.1,9.2
2025-03-05 07:00,1038.6,13.3
2025-03-05 08:00,1145.1,12.9
2025-03-05 09:00,1151.1,13.6
2025-03-05 10:00,1154.5,14.5
2025-03-05 11:00,1101.4,16.5
2025-03-05 12:00,1069.3,19.2
2025-03-05 13:00,990.4,20.2
2025-03-05 14:00,966.3,19.9
2025-03-05 15:00,981.0,20.4
2025-03-05 16:00,1023.3,19.8
2025-03-05 17:00,1014.3,18.5
2025-03-05 18:00,1017.5,19.9
2025-03-05 19:00,1026.3,17.8
2025-03-05 20:00,991.5,18.5
2025-03-05 21:00,939.5,13.7
2025-03-05 22:00,850.5,12.8
2025-03-05 23:00,762.4,12.4
2025-03-06 00:00,705.2,10.0
2025-03-06 01:00,651.0,7.9
2025-03-06 02:00,647.5,7.8
2025-03-06 03:00,671.6,8.7
2025-03-06 04:00,747.6,9.1
2025-03-06 05:00,852.0,9.3
2025-03-06 06:00,972.8,11.4
2025-03-06 07:00,1060.8,12.6
2025-03-06 08:00,1130.8,13.4
2025-03-06 09:00,1173.1,14.7
2025-03-06 10:00,1152.0,16.0
2025-03-06 11:00,1110.2,18.3
2025-03-06 12:00,1043.2,19.9
2025-03-06 13:00,1034.4,20.0
2025-03-06 14:00,1000.5,21.0
2025-03-06 15:00,987.9,20.5
2025-03-06 16:00,989.4,19.2
2025-03-06 17:00,1039.8,19.0
2025-03-06 18:00,1054.7,19.8
2025-03-06 19:00,1008.8,18.3
2025-03-06 20:00,959.8,18.0
2025-03-06 21:00,932.1,14.9
2025-03-06 22:00,835.6,14.2
2025-03-06 23:00,772.8,13.2
2025-03-07 00:00,650.0,11.7
2025-03-07 01:00,610.3,9.2
2025-03-07 02:00,624.9,9.0
2025-03-07 03:00,668.3,9.1
2025-03-07 04:00,763.3,8.2
2025-03-07 05:00,868.1,10.3
2025-03-07 06:00,995.9,11.8
2025-03-07 07:00,1069.6,11.6
2025-03-07 08:00,1107.6,15.5
2025-03-07 09:00,1131.8,14.8
2025-03-07 10:00,1144.1,16.5
2025-03-07 11:00,1108.6,17.9
2025-03-07 12:00,1052.1,18.7
2025-03-07 13:00,1050.8,20.8
2025-03-07 14:00,1009.8,21.0
2025-03-07 15:00,1044.4,22.9
2025-03-07 16:00,1029.1,21.6
2025-03-07 17:00,1023.3,21.0
2025-03-07 18:00,1027.6,19.3
2025-03-07 19:00,1004.3,16.8
2025-03-07 20:00,962.0,16.7
2025-03-07 21:00,940.4,14.4
2025-03-07 22:00,851.0,14.7
2025-03-07 23:00,785.8,12.3
2025-03-08 00:00,550.7,12.8
2025-03-08 01:00,518.0,10.9
2025-03-08 02:00,500.7,10.4
2025-03-08 03:00,572.5,9.6
2025-03-08 04:00,631.6,9.8
2025-03-08 05:00,700.9,10.9
2025-03-08 06:00,808.8,12.1
2025-03-08 07:00,898.6,11.7
2025-03-08 08:00,900.7,14.4
2025-03-08 09:00,938.2,18.1
2025-03-08 10:00,935.1,17.0
2025-03-08 11:00,894.3,18.3
2025-03-08 12:00,864.4,19.1
2025-03-08 13:00,864.5,19.3
2025-03-08 14:00,869.5,22.6
2025-03-08 15:00,862.1,21.6
2025-03-08 16:00,829.1,21.7
2025-03-08 17:00,862.3,22.7
2025-03-08 18:00,894.1,22.4
2025-03-08 19:00,818.0,17.8
2025-03-08 20:00,792.5,18.3
2025-03-08 21:00,729.9,16.3
2025-03-08 22:00,721.9,14.5
2025-03-08 23:00,637.5,13.2
2025-03-09 00:00,570.3,11.5
2025-03-09 01:00,513.8,12.1
2025-03-09 02:00,509.7,10.6
2025-03-09 03:00,547.4,10.1
2025-03-09 04:00,622.4,11.2
2025-03-09 05:00,693.7,11.5
2025-03-09 06:00,817.8,12.0
2025-03-09 07:00,870.2,13.1
2025-03-09 08:00,901.0,16.0
2025-03-09 09:00,960.4,16.4
2025-03-09 10:00,927.7,17.3
2025-03-09 11:00,906.3,18.0
2025-03-09 12:00,870.7,19.8
2025-03-09 13:00,811.3,20.0
2025-03-09 14:00,848.1,21.8
2025-03-09 15:00,819.4,22.2
2025-03-09 16:00,844.5,19.7
2025-03-09 17:00,835.5,21.2
2025-03-09 18:00,838.9,20.9
2025-03-09 19:00,848.8,19.1
2025-03-09 20:00,820.0,16.6
2025-03-09 21:00,749.7,17.3
2025-03-09 22:00,682.7,13.8
2025-03-09 23:00,647.3,11.8
2025-03-10 00:00,658.7,10.7
2025-03-10 01:00,615.5,10.8
2025-03-10 02:00,596.5,11.3
2025-03-10 03:00,643.3,11.3
2025-03-10 04:00,753.6,10.5
2025-03-10 05:00,852.5,9.7
2025-03-10 06:00,978.7,11.2
2025-03-10 07:00,1079.2,12.2
2025-03-10 08:00,1099.8,14.4
2025-03-10 09:00,1144.4,14.4
2025-03-10 10:00,1122.3,17.8
2025-03-10 11:00,1102.4,19.8
2025-03-10 12:00,1075.0,20.3
2025-03-10 13:00,1013.9,21.9
2025-03-10 14:00,1020.8,21.1
2025-03-10 15:00,1014.1,20.8
2025-03-10 16:00,1019.7,21.4
2025-03-10 17:00,1033.2,22.6
2025-03-10 18:00,1057.6,21.5
2025-03-10 19:00,1016.2,18.8
2025-03-10 20:00,994.7,19.0
2025-03-10 21:00,921.4,16.0
2025-03-10 22:00,834.9,16.3
2025-03-10 23:00,736.4,13.8
2025-03-11 00:00,694.1,11.6
2025-03-11 01:00,578.0,11.9
2025-03-11 02:00,606.4,9.8
2025-03-11 03:00,672.7,9.4
2025-03-11 04:00,730.6,9.1
2025-03-11 05:00,857.5,11.4
2025-03-11 06:00,944.1,12.1
2025-03-11 07:00,1060.4,13.3
2025-03-11 08:00,1111.4,14.5
2025-03-11 09:00,1124.0,17.9
2025-03-11 10:00,1133.1,17.6
2025-03-11 11:00,1099.8,18.7
2025-03-11 12:00,1079.6,21.9
2025-03-11 13:00,1086.1,23.1
2025-03-11 14:00,1023.9,22.6
2025-03-11 15:00,988.1,20.7
2025-03-11 16:00,1038.7,21.7
2025-03-11 17:00,1063.6,22.3
2025-03-11 18:00,1069.0,20.8
2025-03-11 19:00,1071.4,21.1
2025-03-11 20:00,974.2,16.7
2025-03-11 21:00,927.3,17.2
2025-03-11 22:00,858.2,14.4
2025-03-11 23:00,733.2,14.9
2025-03-12 00:00,670.6,12.2
2025-03-12 01:00,563.3,12.4
2025-03-12 02:00,609.8,10.1
2025-03-12 03:00,694.4,9.2
2025-03-12 04:00,721.3,9.7
2025-03-12 05:00,844.2,10.8
2025-03-12 06:00,973.4,11.4
2025-03-12 07:00,1054.1,14.8
2025-03-12 08:00,1131.9,16.4
2025-03-12 09:00,1112.7,16.9
2025-03-12 10:00,1134.7,17.2
2025-03-12 11:00,1121.6,19.5
2025-03-12 12:00,1050.1,20.2
2025-03-12 13:00,1055.4,23.3
2025-03-12 14:00,1053.8,22.8
2025-03-12 15:00,1044.3,23.2
2025-03-12 16:00,1036.5,22.1
2025-03-12 17:00,990.3,19.9
2025-03-12 18:00,1043.4,20.2
2025-03-12 19:00,1028.1,18.6
2025-03-12 20:00,978.0,18.7
2025-03-12 21:00,914.0,16.8
2025-03-12 22:00,887.2,14.4
2025-03-12 23:00,743.7,13.4
2025-03-13 00:00,635.9,14.1
2025-03-13 01:00,628.3,10.6
2025-03-13 02:00,614.4,10.1
2025-03-13 03:00,650.7,10.5
2025-03-13 04:00,741.5,10.3
2025-03-13 05:00,860.6,11.2
2025-03-13 06:00,957.1,13.1
2025-03-13 07:00,1021.1,15.5
2025-03-13 08:00,1132.0,13.5
2025-03-13 09:00,1147.4,16.8
2025-03-13 10:00,1123.3,18.4
2025-03-13 11:00,1127.7,19.7
2025-03-13 12:00,1087.5,20.9
2025-03-13 13:00,1026.4,21.7
2025-03-13 14:00,1037.9,23.6
2025-03-13 15:00,1047.1,22.4
2025-03-13 16:00,1055.7,22.5
2025-03-13 17:00,1048.1,22.1
2025-03-13 18:00,1068.1,21.2
2025-03-13 19:00,1022.1,19.7
2025-03-13 20:00,967.9,19.4
2025-03-13 21:00,922.9,16.9
2025-03-13 22:00,834.6,15.5
2025-03-13 23:00,750.3,13.8
2025-03-14 00:00,672.0,11.6
2025-03-14 01:00,627.2,10.9
2025-03-14 02:00,611.5,10.1
2025-03-14 03:00,657.5,11.1
2025-03-14 04:00,754.3,10.4
2025-03-14 05:00,852.7,10.7
2025-03-14 06:00,967.3,12.9
2025-03-14 07:00,1022.3,14.4
2025-03-14 08:00,1120.9,13.6
2025-03-14 09:00,1156.6,18.6
2025-03-14 10:00,1157.7,18.5
2025-03-14 11:00,1115.1,19.8
2025-03-14 12:00,1086.5,22.2
2025-03-14 13:00,1026.9,22.2
2025-03-14 14:00,1025.0,22.1
2025-03-14 15:00,1053.9,25.1
2025-03-14 16:00,1002.4,21.7
2025-03-14 17:00,1057.4,22.1
2025-03-14 18:00,1069.5,22.0
2025-03-14 19:00,1031.5,18.9
2025-03-14 20:00,963.6,18.4
2025-03-14 21:00,918.4,17.4
2025-03-14 22:00,787.6,17.8
2025-03-14 23:00,771.8,13.1
2025-03-15 00:00,554.3,12.7
2025-03-15 01:00,490.2,12.4
2025-03-15 02:00,529.9,11.3
2025-03-15 03:00,573.7,9.8
2025-03-15 04:00,600.1,11.6
2025-03-15 05:00,733.8,11.9
2025-03-15 06:00,773.8,13.2
2025-03-15 07:00,864.5,15.1
2025-03-15 08:00,928.2,16.4
2025-03-15 09:00,897.5,17.4
2025-03-15 10:00,946.5,18.9
2025-03-15 11:00,904.9,18.9
2025-03-15 12:00,888.5,21.1
2025-03-15 13:00,850.2,22.4
2025-03-15 14:00,850.0,22.4
2025-03-15 15:00,831.1,23.1
2025-03-15 16:00,834.3,22.0
2025-03-15 17:00,875.1,23.7
2025-03-15 18:00,871.2,23.4
2025-03-15 19:00,871.9,19.6
2025-03-15 20:00,789.6,19.0
2025-03-15 21:00,741.4,16.8
2025-03-15 22:00,669.8,16.7
2025-03-15 23:00,610.4,14.4
2025-03-16 00:00,562.8,12.8
2025-03-16 01:00,527.7,11.6
2025-03-16 02:00,504.6,11.3
2025-03-16 03:00,548.6,10.0
2025-03-16 04:00,607.8,11.9
2025-03-16 05:00,720.3,11.1
2025-03-16 06:00,798.4,13.3
2025-03-16 07:00,861.0,14.1
2025-03-16 08:00,878.7,16.5
2025-03-16 09:00,967.5,17.0
2025-03-16 10:00,952.2,19.6
2025-03-16 11:00,911.4,19.1
2025-03-16 12:00,900.6,21.8
2025-03-16 13:00,854.5,22.0
2025-03-16 14:00,835.3,23.0
2025-03-16 15:00,842.5,23.1
2025-03-16 16:00,861.3,23.7
2025-03-16 17:00,840.3,20.2
2025-03-16 18:00,851.2,21.6
2025-03-16 19:00,833.6,18.5
2025-03-16 20:00,825.3,19.7
2025-03-16 21:00,761.1,15.0
2025-03-16 22:00,695.4,14.4
2025-03-16 23:00,598.4,12.3
2025-03-17 00:00,644.7,14.4
2025-03-17 01:00,623.9,10.5
2025-03-17 02:00,589.7,11.3
2025-03-17 03:00,630.4,10.4
2025-03-17 04:00,757.3,9.4
2025-03-17 05:00,834.5,11.4
2025-03-17 06:00,958.2,13.4
2025-03-17 07:00,1048.7,13.8
2025-03-17 08:00,1117.5,16.3
2025-03-17 09:00,1137.1,16.6
2025-03-17 10:00,1108.5,18.5
2025-03-17 11:00,1107.6,19.6
2025-03-17 12:00,1076.6,21.5
2025-03-17 13:00,1072.2,24.0
2025-03-17 14:00,1021.4,23.1
2025-03-17 15:00,1018.1,23.1
2025-03-17 16:00,1041.4,22.1
2025-03-17 17:00,1060.2,21.4
2025-03-17 18:00,1078.7,22.6
2025-03-17 19:00,1039.7,18.8
2025-03-17 20:00,987.6,17.5
2025-03-17 21:00,926.7,16.8
2025-03-17 22:00,849.3,14.9
2025-03-17 23:00,730.5,15.9
2025-03-18 00:00,685.6,10.3
2025-03-18 01:00,613.8,12.1
2025-03-18 02:00,639.6,11.8
2025-03-18 03:00,662.6,9.8
2025-03-18 04:00,738.0,10.4
2025-03-18 05:00,835.1,12.1
2025-03-18 06:00,942.5,14.2
2025-03-18 07:00,1066.2,12.9
2025-03-18 08:00,1114.8,13.7
2025-03-18 09:00,1101.3,17.8
2025-03-18 10:00,1148.3,19.9
2025-03-18 11:00,1084.3,19.5
2025-03-18 12:00,1061.4,18.9
2025-03-18 13:00,1059.4,23.5
2025-03-18 14:00,1039.4,22.4
2025-03-18 15:00,1056.4,23.9
2025-03-18 16:00,1038.1,22.6
2025-03-18 17:00,1036.8,21.6
2025-03-18 18:00,1031.4,20.6
2025-03-18 19:00,1034.4,21.3
2025-03-18 20:00,993.3,19.8
2025-03-18 21:00,903.6,14.6
2025-03-18 22:00,843.0,14.3
2025-03-18 23:00,727.1,15.5
2025-03-19 00:00,677.5,12.1
2025-03-19 01:00,623.3,10.2
2025-03-19 02:00,612.6,11.0
2025-03-19 03:00,643.6,10.6
2025-03-19 04:00,730.9,10.8
2025-03-19 05:00,823.5,11.0
2025-03-19 06:00,963.7,12.2
2025-03-19 07:00,1082.9,13.2
2025-03-19 08:00,1118.4,15.5
2025-03-19 09:00,1154.0,15.9
2025-03-19 10:00,1112.4,17.9
2025-03-19 11:00,1130.1,19.5
2025-03-19 12:00,1076.3,22.2
2025-03-19 13:00,1058.2,22.2
2025-03-19 14:00,1023.0,22.3
2025-03-19 15:00,1010.2,23.2
2025-03-19 16:00,1050.5,22.8
2025-03-19 17:00,1056.9,22.9
2025-03-19 18:00,1058.7,21.4
2025-03-19 19:00,1054.3,21.4
2025-03-19 20:00,989.9,19.5
2025-03-19 21:00,911.8,16.6
2025-03-19 22:00,845.8,14.6
2025-03-19 23:00,730.9,14.5
2025-03-20 00:00,662.6,12.8
2025-03-20 01:00,608.7,11.3
2025-03-20 02:00,603.8,9.3
2025-03-20 03:00,661.8,8.7
2025-03-20 04:00,728.2,11.1
2025-03-20 05:00,840.8,12.1
2025-03-20 06:00,971.4,13.1
2025-03-20 07:00,1043.6,12.2
2025-03-20 08:00,1113.4,16.0
2025-03-20 09:00,1114.7,16.0
2025-03-20 10:00,1114.7,18.4
2025-03-20 11:00,1104.2,19.9
2025-03-20 12:00,1033.1,19.9
2025-03-20 13:00,1007.7,21.0
2025-03-20 14:00,1004.1,20.2
2025-03-20 15:00,1010.7,21.5
2025-03-20 16:00,1011.6,20.4
2025-03-20 17:00,1036.8,22.0
2025-03-20 18:00,1082.3,20.7
2025-03-20 19:00,1035.2,20.3
2025-03-20 20:00,966.4,18.3
2025-03-20 21:00,950.0,15.7
2025-03-20 22:00,843.3,15.1
2025-03-20 23:00,745.0,13.0
2025-03-21 00:00,680.8,12.7
2025-03-21 01:00,619.5,11.4
2025-03-21 02:00,633.6,9.5
2025-03-21 03:00,661.1,10.3
2025-03-21 04:00,725.1,10.5
2025-03-21 05:00,867.1,10.8
2025-03-21 06:00,957.4,12.9
2025-03-21 07:00,1029.1,15.0
2025-03-21 08:00,1114.9,14.3
2025-03-21 09:00,1162.8,15.9
2025-03-21 10:00,1143.4,15.5
2025-03-21 11:00,1105.2,19.1
2025-03-21 12:00,1077.6,20.0
2025-03-21 13:00,1021.0,19.2
2025-03-21 14:00,997.7,22.3
2025-03-21 15:00,1030.2,22.7
2025-03-21 16:00,1034.5,21.2
2025-03-21 17:00,1052.1,21.0
2025-03-21 18:00,1062.6,19.4
2025-03-21 19:00,1039.2,19.9
2025-03-21 20:00,1005.2,16.1
2025-03-21 21:00,948.3,15.8
2025-03-21 22:00,817.8,16.5
2025-03-21 23:00,775.2,13.1
2025-03-22 00:00,582.0,12.3
2025-03-22 01:00,535.2,10.7
2025-03-22 02:00,557.2,9.0
2025-03-22 03:00,567.4,10.0
2025-03-22 04:00,605.5,10.6
2025-03-22 05:00,737.0,9.8
2025-03-22 06:00,803.9,12.1
2025-03-22 07:00,874.3,14.2
2025-03-22 08:00,921.7,15.5
2025-03-22 09:00,979.4,14.3
2025-03-22 10:00,945.7,16.5
2025-03-22 11:00,893.8,17.3
2025-03-22 12:00,896.9,21.2
2025-03-22 13:00,870.7,21.7
2025-03-22 14:00,833.8,22.4
2025-03-22 15:00,822.1,21.0
2025-03-22 16:00,829.5,20.5
2025-03-22 17:00,848.9,21.1
2025-03-22 18:00,865.6,20.1
2025-03-22 19:00,849.7,17.9
2025-03-22 20:00,834.1,17.5
2025-03-22 21:00,773.9,16.4
2025-03-22 22:00,710.4,14.4
2025-03-22 23:00,652.1,11.7
2025-03-23 00:00,602.2,9.4
2025-03-23 01:00,521.8,10.2
2025-03-23 02:00,531.0,10.1
2025-03-23 03:00,564.5,9.4
2025-03-23 04:00,627.4,9.4
2025-03-23 05:00,713.1,9.8
2025-03-23 06:00,791.1,12.1
2025-03-23 07:00,878.8,12.6
2025-03-23 08:00,912.4,14.2
2025-03-23 09:00,964.5,14.6
2025-03-23 10:00,937.0,16.5
2025-03-23 11:00,905.8,18.7
2025-03-23 12:00,872.9,18.8
2025-03-23 13:00,850.6,19.5
2025-03-23 14:00,823.4,21.0
2025-03-23 15:00,842.5,22.7
2025-03-23 16:00,820.1,21.5
2025-03-23 17:00,834.0,22.1
2025-03-23 18:00,826.0,19.6
2025-03-23 19:00,858.0,18.1
2025-03-23 20:00,795.4,15.6
2025-03-23 21:00,777.3,14.8
2025-03-23 22:00,709.7,15.3
2025-03-23 23:00,619.1,12.7
2025-03-24 00:00,695.1,11.8
2025-03-24 01:00,650.3,10.8
2025-03-24 02:00,638.3,9.5
2025-03-24 03:00,704.0,9.1
2025-03-24 04:00,758.3,9.6
2025-03-24 05:00,841.9,10.7
2025-03-24 06:00,976.0,11.5
2025-03-24 07:00,1057.8,12.7
2025-03-24 08:00,1111.4,13.8
2025-03-24 09:00,1142.5,14.4
2025-03-24 10:00,1175.1,16.5
2025-03-24 11:00,1093.8,17.2
2025-03-24 12:00,1071.1,20.4
2025-03-24 13:00,1000.2,18.2
2025-03-24 14:00,1008.7,20.7
2025-03-24 15:00,1023.8,23.5
2025-03-24 16:00,1008.4,20.5
2025-03-24 17:00,1004.6,19.1
2025-03-24 18:00,1016.1,19.3
2025-03-24 19:00,1017.8,19.3
2025-03-24 20:00,995.7,16.4
2025-03-24 21:00,957.3,15.6
2025-03-24 22:00,864.7,13.5
2025-03-24 23:00,790.4,11.6
2025-03-25 00:00,660.0,13.8
2025-03-25 01:00,630.8,9.8
2025-03-25 02:00,612.9,8.6
2025-03-25 03:00,674.9,8.4
2025-03-25 04:00,718.4,9.5
2025-03-25 05:00,854.7,10.1
2025-03-25 06:00,993.7,11.4
2025-03-25 07:00,1076.5,12.0
2025-03-25 08:00,1166.1,11.8
2025-03-25 09:00,1148.2,15.3
2025-03-25 10:00,1124.2,16.0
2025-03-25 11:00,1092.9,17.5
2025-03-25 12:00,1048.8,17.5
2025-03-25 13:00,1038.4,19.3
2025-03-25 14:00,1028.1,19.8
2025-03-25 15:00,990.8,20.6
2025-03-25 16:00,995.5,19.0
2025-03-25 17:00,1027.6,19.9
2025-03-25 18:00,1029.7,19.0
2025-03-25 19:00,1012.3,16.5
2025-03-25 20:00,1001.0,15.5
2025-03-25 21:00,948.9,13.7
2025-03-25 22:00,851.5,13.9
2025-03-25 23:00,768.5,9.0
2025-03-26 00:00,686.6,9.9
2025-03-26 01:00,625.8,7.6
2025-03-26 02:00,649.6,8.2
2025-03-26 03:00,651.7,9.3
2025-03-26 04:00,759.7,8.0
2025-03-26 05:00,859.0,9.3
2025-03-26 06:00,979.2,9.3
2025-03-26 07:00,1043.7,13.3
2025-03-26 08:00,1105.8,13.7
2025-03-26 09:00,1178.7,15.5
2025-03-26 10:00,1162.1,14.5
2025-03-26 11:00,1115.6,16.2
2025-03-26 12:00,1096.1,19.6
2025-03-26 13:00,1018.3,19.3
2025-03-26 14:00,1007.0,19.8
2025-03-26 15:00,1001.6,20.5
2025-03-26 16:00,1016.5,18.7
2025-03-26 17:00,1039.8,20.1
2025-03-26 18:00,1034.6,18.4
2025-03-26 19:00,1017.0,17.6
2025-03-26 20:00,1008.5,15.0
2025-03-26 21:00,952.9,14.6
2025-03-26 22:00,833.4,11.8
2025-03-26 23:00,757.6,12.0
2025-03-27 00:00,673.1,10.9
2025-03-27 01:00,628.5,9.7
2025-03-27 02:00,602.1,8.7
2025-03-27 03:00,684.2,8.6
2025-03-27 04:00,774.1,5.5
2025-03-27 05:00,860.4,9.6
2025-03-27 06:00,979.6,9.4
2025-03-27 07:00,1055.5,11.0
2025-03-27 08:00,1140.7,12.0
2025-03-27 09:00,1152.1,12.5
2025-03-27 10:00,1141.3,14.8
2025-03-27 11:00,1095.4,17.5
2025-03-27 12:00,1063.3,19.5
2025-03-27 13:00,1012.5,18.3
2025-03-27 14:00,986.5,18.6
2025-03-27 15:00,1039.1,21.2
2025-03-27 16:00,1004.2,18.6
2025-03-27 17:00,1021.3,21.0
2025-03-27 18:00,1017.4,18.0
2025-03-27 19:00,1027.7,15.8
2025-03-27 20:00,991.1,16.2
2025-03-27 21:00,920.2,15.3
2025-03-27 22:00,862.7,10.6
2025-03-27 23:00,783.3,12.1
2025-03-28 00:00,697.1,9.0
2025-03-28 01:00,627.2,9.8
2025-03-28 02:00,640.4,7.3
2025-03-28 03:00,694.3,5.9
2025-03-28 04:00,783.3,8.2
2025-03-28 05:00,874.6,9.2
2025-03-28 06:00,987.2,11.3
2025-03-28 07:00,1023.5,12.1
2025-03-28 08:00,1148.0,12.5
2025-03-28 09:00,1189.7,13.1
2025-03-28 10:00,1189.4,14.4
2025-03-28 11:00,1113.6,16.0
2025-03-28 12:00,1036.2,16.7
2025-03-28 13:00,1019.2,18.2
2025-03-28 14:00,987.3,16.5
2025-03-28 15:00,964.3,19.4
2025-03-28 16:00,991.6,19.0
2025-03-28 17:00,1055.4,21.0
2025-03-28 18:00,1045.8,18.2
2025-03-28 19:00,1049.3,15.7
2025-03-28 20:00,986.4,15.2
2025-03-28 21:00,997.8,11.9
2025-03-28 22:00,855.1,10.9
2025-03-28 23:00,792.8,8.2
2025-03-29 00:00,553.2,10.2
2025-03-29 01:00,564.2,8.4
2025-03-29 02:00,564.1,6.0
2025-03-29 03:00,596.0,6.9
2025-03-29 04:00,643.1,8.1
2025-03-29 05:00,733.2,8.2
2025-03-29 06:00,829.3,9.1
2025-03-29 07:00,886.8,9.0
2025-03-29 08:00,977.8,10.7
2025-03-29 09:00,985.9,12.9
2025-03-29 10:00,942.8,15.3
2025-03-29 11:00,925.4,15.0
2025-03-29 12:00,884.8,15.9
2025-03-29 13:00,860.7,19.1
2025-03-29 14:00,816.2,17.6
2025-03-29 15:00,819.3,19.8
2025-03-29 16:00,812.7,18.7
2025-03-29 17:00,815.1,18.8
2025-03-29 18:00,838.5,18.6
2025-03-29 19:00,850.7,16.3
2025-03-29 20:00,825.4,14.9
2025-03-29 21:00,800.4,11.7
2025-03-29 22:00,743.9,10.3
2025-03-29 23:00,655.7,10.2
2025-03-30 00:00,582.9,9.8
2025-03-30 01:00,551.9,8.7
2025-03-30 02:00,533.6,9.0
2025-03-30 03:00,583.6,6.8
2025-03-30 04:00,660.3,6.8
2025-03-30 05:00,708.5,8.2
2025-03-30 06:00,853.6,8.2
2025-03-30 07:00,893.5,9.3
2025-03-30 08:00,984.0,9.7
2025-03-30 09:00,969.2,13.3
2025-03-30 10:00,988.1,12.8
2025-03-30 11:00,918.9,15.8
2025-03-30 12:00,873.7,15.1
2025-03-30 13:00,848.2,18.5
2025-03-30 14:00,818.1,17.0
2025-03-30 15:00,813.8,19.0
2025-03-30 16:00,829.6,16.4
2025-03-30 17:00,855.8,16.9
2025-03-30 18:00,858.2,17.6
2025-03-30 19:00,871.3,14.3
2025-03-30 20:00,817.1,13.7
2025-03-30 21:00,794.0,11.6
2025-03-30 22:00,753.6,8.2
2025-03-30 23:00,683.9,9.3
2025-03-31 00:00,710.0,8.2
2025-03-31 01:00,668.4,5.7
2025-03-31 02:00,667.8,6.7
2025-03-31 03:00,703.1,5.1
2025-03-31 04:00,789.8,5.1
2025-03-31 05:00,892.3,6.7
2025-03-31 06:00,987.1,6.9
2025-03-31 07:00,1093.8,11.1
2025-03-31 08:00,1184.0,8.7
2025-03-31 09:00,1175.1,12.5
2025-03-31 10:00,1143.4,14.3
2025-03-31 11:00,1145.8,12.8
2025-03-31 12:00,1105.4,14.2
2025-03-31 13:00,1004.0,17.5
2025-03-31 14:00,976.2,17.0
2025-03-31 15:00,985.6,18.1
2025-03-31 16:00,973.8,18.6
2025-03-31 17:00,993.9,16.5
2025-03-31 18:00,1048.8,14.8
2025-03-31 19:00,1062.7,11.9
2025-03-31 20:00,1015.6,13.3
2025-03-31 21:00,963.5,10.6
2025-03-31 22:00,883.7,10.3
2025-03-31 23:00,786.1,8.7
2025-04-01 00:00,716.4,5.9
2025-04-01 01:00,642.2,8.0
2025-04-01 02:00,659.5,6.7
2025-04-01 03:00,709.1,6.3
2025-04-01 04:00,810.1,4.4
2025-04-01 05:00,908.9,5.8
2025-04-01 06:00,963.6,6.6
2025-04-01 07:00,1093.6,7.9
2025-04-01 08:00,1173.7,8.6
2025-04-01 09:00,1189.9,11.7
2025-04-01 10:00,1147.8,13.0
2025-04-01 11:00,1147.6,14.6
2025-04-01 12:00,1082.7,15.0
2025-04-01 13:00,1002.5,17.7
2025-04-01 14:00,993.3,17.2
2025-04-01 15:00,1005.9,14.4
2025-04-01 16:00,996.5,16.3
2025-04-01 17:00,1036.7,16.2
2025-04-01 18:00,1035.2,16.3
2025-04-01 19:00,1034.7,13.8
2025-04-01 20:00,1019.0,12.3
2025-04-01 21:00,972.3,10.4
2025-04-01 22:00,864.1,10.1
2025-04-01 23:00,819.2,7.5
2025-04-02 00:00,706.7,6.1
2025-04-02 01:00,702.4,5.0
2025-04-02 02:00,672.9,5.7
2025-04-02 03:00,697.8,4.4
2025-04-02 04:00,807.6,3.4
2025-04-02 05:00,911.6,6.3
2025-04-02 06:00,1016.3,5.9
2025-04-02 07:00,1088.4,8.2
2025-04-02 08:00,1171.4,9.6
2025-04-02 09:00,1214.5,12.0
2025-04-02 10:00,1147.1,13.3
2025-04-02 11:00,1147.8,13.2
2025-04-02 12:00,1079.9,14.8
2025-04-02 13:00,1038.0,14.6
2025-04-02 14:00,978.7,18.1
2025-04-02 15:00,982.4,17.1
2025-04-02 16:00,1009.9,17.8
2025-04-02 17:00,1045.1,15.5
2025-04-02 18:00,1058.8,12.8
2025-04-02 19:00,1067.5,15.1
2025-04-02 20:00,1010.7,12.2
2025-04-02 21:00,981.5,10.7
2025-04-02 22:00,893.2,9.0
2025-04-02 23:00,813.1,8.1
2025-04-03 00:00,722.8,6.7
2025-04-03 01:00,704.1,3.6
2025-04-03 02:00,659.0,5.7
2025-04-03 03:00,731.1,3.9
2025-04-03 04:00,804.6,4.1
2025-04-03 05:00,920.8,6.9
2025-04-03 06:00,998.8,7.0
2025-04-03 07:00,1135.1,7.0
2025-04-03 08:00,1201.3,6.9
2025-04-03 09:00,1201.3,10.4
2025-04-03 10:00,1170.1,12.3
2025-04-03 11:00,1146.3,13.1
2025-04-03 12:00,1072.0,13.2
2025-04-03 13:00,1019.3,14.6
2025-04-03 14:00,1023.7,14.7
2025-04-03 15:00,970.4,16.4
2025-04-03 16:00,1025.6,16.7
2025-04-03 17:00,1024.5,16.3
2025-04-03 18:00,1070.2,13.6
2025-04-03 19:00,1061.4,13.3
2025-04-03 20:00,1036.8,12.2
2025-04-03 21:00,977.7,9.5
2025-04-03 22:00,891.3,8.3
2025-04-03 23:00,784.4,9.1
2025-04-04 00:00,740.7,5.9
2025-04-04 01:00,687.5,5.6
2025-04-04 02:00,696.6,3.7
2025-04-04 03:00,721.3,3.9
2025-04-04 04:00,812.1,2.4
2025-04-04 05:00,883.6,4.6
2025-04-04 06:00,1020.9,6.8
2025-04-04 07:00,1112.3,8.9
2025-04-04 08:00,1165.3,9.5
2025-04-04 09:00,1210.4,10.5
2025-04-04 10:00,1206.7,11.4
2025-04-04 11:00,1150.1,12.1
2025-04-04 12:00,1104.5,13.8
2025-04-04 13:00,1036.2,15.5
2025-04-04 14:00,987.1,14.7
2025-04-04 15:00,984.6,16.6
2025-04-04 16:00,1018.4,14.5
2025-04-04 17:00,1066.1,13.1
2025-04-04 18:00,1060.3,12.8
2025-04-04 19:00,1075.1,10.9
2025-04-04 20:00,1037.7,9.8
2025-04-04 21:00,970.8,10.7
2025-04-04 22:00,902.5,7.8
2025-04-04 23:00,822.3,6.7
2025-04-05 00:00,621.8,6.4
2025-04-05 01:00,573.4,5.5
2025-04-05 02:00,587.4,3.2
2025-04-05 03:00,604.2,4.8
2025-04-05 04:00,680.9,4.0
2025-04-05 05:00,794.2,4.2
2025-04-05 06:00,821.2,5.6
2025-04-05 07:00,949.9,4.9
2025-04-05 08:00,1001.2,7.0
2025-04-05 09:00,1023.2,9.2
2025-04-05 10:00,967.3,11.5
2025-04-05 11:00,958.8,11.9
2025-04-05 12:00,916.4,13.4
2025-04-05 13:00,844.3,15.4
2025-04-05 14:00,792.0,16.4
2025-04-05 15:00,815.8,16.0
2025-04-05 16:00,811.8,16.3
2025-04-05 17:00,877.4,14.0
2025-04-05 18:00,873.6,13.1
2025-04-05 19:00,911.5,12.5
2025-04-05 20:00,872.8,10.4
2025-04-05 21:00,815.2,8.6
2025-04-05 22:00,735.7,9.2
2025-04-05 23:00,672.1,5.9
2025-04-06 00:00,638.8,3.9
2025-04-06 01:00,604.1,4.3
2025-04-06 02:00,563.4,5.1
2025-04-06 03:00,631.6,3.1
2025-04-06 04:00,661.4,4.4
2025-04-06 05:00,783.5,3.3
2025-04-06 06:00,905.3,4.2
2025-04-06 07:00,928.7,5.2
2025-04-06 08:00,1013.1,7.2
2025-04-06 09:00,1010.2,10.7
2025-04-06 10:00,975.2,9.3
2025-04-06 11:00,917.9,13.5
2025-04-06 12:00,900.6,12.1
2025-04-06 13:00,880.1,13.8
2025-04-06 14:00,823.2,15.5
2025-04-06 15:00,823.7,15.4
2025-04-06 16:00,853.1,14.9
2025-04-06 17:00,884.3,12.3
2025-04-06 18:00,887.4,13.4
2025-04-06 19:00,895.8,10.7
2025-04-06 20:00,865.4,12.8
2025-04-06 21:00,816.7,8.5
2025-04-06 22:00,785.3,7.3
2025-04-06 23:00,695.6,4.5
2025-04-07 00:00,730.9,3.9
2025-04-07 01:00,711.6,2.2
2025-04-07 02:00,683.3,3.8
2025-04-07 03:00,700.6,2.3
2025-04-07 04:00,809.6,3.4
2025-04-07 05:00,906.1,2.7
2025-04-07 06:00,1025.6,3.8
2025-04-07 07:00,1130.4,6.8
2025-04-07 08:00,1189.4,6.0
2025-04-07 09:00,1237.5,6.7
2025-04-07 10:00,1189.9,10.5
2025-04-07 11:00,1193.9,10.3
2025-04-07 12:00,1101.1,12.3
2025-04-07 13:00,1022.5,14.6
2025-04-07 14:00,1008.2,13.4
2025-04-07 15:00,989.8,15.3
2025-04-07 16:00,1034.9,13.5
2025-04-07 17:00,1039.8,15.1
2025-04-07 18:00,1077.9,13.9
2025-04-07 19:00,1084.5,10.9
2025-04-07 20:00,1054.6,9.7
2025-04-07 21:00,1004.8,7.5
2025-04-07 22:00,906.8,7.0
2025-04-07 23:00,814.5,6.4
2025-04-08 00:00,766.6,2.6
2025-04-08 01:00,696.9,4.0
2025-04-08 02:00,692.3,1.1
2025-04-08 03:00,712.3,1.4
2025-04-08 04:00,818.5,0.6
2025-04-08 05:00,908.6,5.1
2025-04-08 06:00,998.8,4.0
2025-04-08 07:00,1123.9,5.4
2025-04-08 08:00,1209.5,5.9
2025-04-08 09:00,1200.9,9.2
2025-04-08 10:00,1204.4,7.6
2025-04-08 11:00,1183.7,11.2
2025-04-08 12:00,1102.5,14.6
2025-04-08 13:00,1050.9,12.9
2025-04-08 14:00,1040.0,13.9
2025-04-08 15:00,1027.6,14.7
2025-04-08 16:00,1020.2,13.0
2025-04-08 17:00,1096.2,13.3
2025-04-08 18:00,1055.4,13.2
2025-04-08 19:00,1074.9,11.2
2025-04-08 20:00,1033.8,9.9
2025-04-08 21:00,999.7,7.6
2025-04-08 22:00,890.9,6.7
2025-04-08 23:00,822.7,5.0
2025-04-09 00:00,747.7,5.2
2025-04-09 01:00,692.9,3.5
2025-04-09 02:00,689.5,1.9
2025-04-09 03:00,779.0,-0.5
2025-04-09 04:00,797.4,2.8
2025-04-09 05:00,933.8,3.5
2025-04-09 06:00,1043.1,2.7
2025-04-09 07:00,1157.1,2.9
2025-04-09 08:00,1210.1,5.2
2025-04-09 09:00,1215.2,8.8
2025-04-09 10:00,1213.7,8.3
2025-04-09 11:00,1152.7,10.4
2025-04-09 12:00,1093.6,12.3
2025-04-09 13:00,1049.5,14.2
2025-04-09 14:00,1021.4,13.6
2025-04-09 15:00,1000.2,13.7
2025-04-09 16:00,1026.7,13.0
2025-04-09 17:00,1033.6,14.6
2025-04-09 18:00,1070.2,13.0
2025-04-09 19:00,1086.6,10.6
2025-04-09 20:00,1070.0,7.9
2025-04-09 21:00,995.1,6.9
2025-04-09 22:00,910.9,6.7
2025-04-09 23:00,811.6,4.0
2025-04-10 00:00,695.7,4.3
2025-04-10 01:00,694.5,2.8
2025-04-10 02:00,666.2,2.1
2025-04-10 03:00,716.0,2.3
2025-04-10 04:00,796.9,2.3
2025-04-10 05:00,945.4,1.6
2025-04-10 06:00,1026.3,3.0
2025-04-10 07:00,1121.2,6.9
2025-04-10 08:00,1205.0,4.8
2025-04-10 09:00,1209.5,7.1
2025-04-10 10:00,1173.8,10.2
2025-04-10 11:00,1170.7,10.4
2025-04-10 12:00,1119.3,11.0
2025-04-10 13:00,1079.4,11.4
2025-04-10 14:00,1047.5,13.9
2025-04-10 15:00,1013.6,14.5
2025-04-10 16:00,1025.9,14.7
2025-04-10 17:00,1058.3,12.7
2025-04-10 18:00,1074.7,12.8
2025-04-10 19:00,1089.0,9.4
2025-04-10 20:00,1043.0,9.2
2025-04-10 21:00,1035.6,6.8
2025-04-10 22:00,888.1,6.1
2025-04-10 23:00,824.5,5.2
2025-04-11 00:00,745.7,4.3
2025-04-11 01:00,711.4,1.2
2025-04-11 02:00,669.5,2.9
2025-04-11 03:00,739.2,0.9
2025-04-11 04:00,823.5,0.6
2025-04-11 05:00,915.4,2.0
2025-04-11 06:00,1055.7,1.7
2025-04-11 07:00,1133.6,4.4
2025-04-11 08:00,1192.2,6.1
2025-04-11 09:00,1237.4,7.2
2025-04-11 10:00,1187.9,9.4
2025-04-11 11:00,1173.3,10.0
2025-04-11 12:00,1098.5,11.6
2025-04-11 13:00,1076.8,11.1
2025-04-11 14:00,1027.0,13.2
2025-04-11 15:00,1031.5,12.5
2025-04-11 16:00,1025.1,12.6
2025-04-11 17:00,1051.3,12.4
2025-04-11 18:00,1069.4,11.7
2025-04-11 19:00,1103.8,8.6
2025-04-11 20:00,1084.6,7.3
2025-04-11 21:00,1019.9,7.0
2025-04-11 22:00,907.2,6.2
2025-04-11 23:00,826.8,4.6
2025-04-12 00:00,607.1,3.9
2025-04-12 01:00,556.2,3.3
2025-04-12 02:00,580.6,1.9
2025-04-12 03:00,623.4,1.2
2025-04-12 04:00,687.3,0.4
2025-04-12 05:00,771.4,1.1
2025-04-12 06:00,893.0,2.5
2025-04-12 07:00,943.5,4.5
2025-04-12 08:00,980.4,5.9
2025-04-12 09:00,1058.0,7.2
2025-04-12 10:00,1011.0,8.6
2025-04-12 11:00,957.6,10.8
2025-04-12 12:00,928.2,11.6
2025-04-12 13:00,863.1,12.7
2025-04-12 14:00,871.7,13.3
2025-04-12 15:00,827.2,12.6
2025-04-12 16:00,848.1,11.9
2025-04-12 17:00,874.4,12.8
2025-04-12 18:00,885.2,11.8
2025-04-12 19:00,927.4,9.9
2025-04-12 20:00,864.3,8.3
2025-04-12 21:00,807.7,9.4
2025-04-12 22:00,784.8,4.8
2025-04-12 23:00,713.2,3.9
2025-04-13 00:00,652.8,3.1
2025-04-13 01:00,617.6,0.8
2025-04-13 02:00,630.8,1.4
2025-04-13 03:00,610.8,2.9
2025-04-13 04:00,696.3,2.2
2025-04-13 05:00,797.4,2.5
2025-04-13 06:00,871.5,3.4
2025-04-13 07:00,953.3,4.2
2025-04-13 08:00,992.7,6.5
2025-04-13 09:00,1015.7,6.9
2025-04-13 10:00,994.6,8.2
2025-04-13 11:00,959.5,10.2
2025-04-13 12:00,889.3,12.2
2025-04-13 13:00,880.5,12.6
2025-04-13 14:00,821.4,13.5
2025-04-13 15:00,895.0,11.0
2025-04-13 16:00,873.6,14.0
2025-04-13 17:00,876.9,14.6
2025-04-13 18:00,885.8,12.6
2025-04-13 19:00,899.0,9.7
2025-04-13 20:00,910.9,7.7
2025-04-13 21:00,839.9,7.3
2025-04-13 22:00,792.2,4.5
2025-04-13 23:00,686.0,4.8
2025-04-14 00:00,772.1,2.3
2025-04-14 01:00,682.4,2.8
2025-04-14 02:00,687.3,2.6
2025-04-14 03:00,732.8,-1.0
2025-04-14 04:00,811.3,1.5
2025-04-14 05:00,946.2,1.1
2025-04-14 06:00,1051.6,1.4
2025-04-14 07:00,1141.0,3.4
2025-04-14 08:00,1219.1,5.2
2025-04-14 09:00,1217.2,8.0
2025-04-14 10:00,1243.1,7.0
2025-04-14 11:00,1120.5,11.1
2025-04-14 12:00,1100.2,13.3
2025-04-14 13:00,1061.7,12.8
2025-04-14 14:00,1000.4,13.3
2025-04-14 15:00,1002.9,13.0
2025-04-14 16:00,1061.3,11.6
2025-04-14 17:00,1043.2,12.7
2025-04-14 18:00,1072.8,11.6
2025-04-14 19:00,1090.5,10.7
2025-04-14 20:00,1032.9,11.1
2025-04-14 21:00,1003.2,7.7
2025-04-14 22:00,903.8,5.9
2025-04-14 23:00,820.7,5.6
2025-04-15 00:00,779.8,1.4
2025-04-15 01:00,718.2,0.7
2025-04-15 02:00,668.6,0.8
2025-04-15 03:00,756.1,0.3
2025-04-15 04:00,818.4,1.9
2025-04-15 05:00,921.8,1.5
2025-04-15 06:00,1050.8,4.5
2025-04-15 07:00,1102.4,5.5
2025-04-15 08:00,1226.5,6.2
2025-04-15 09:00,1221.6,6.6
2025-04-15 10:00,1228.7,9.2
2025-04-15 11:00,1158.0,10.8
2025-04-15 12:00,1099.5,10.2
2025-04-15 13:00,1057.7,12.6
2025-04-15 14:00,1026.9,13.5
2025-04-15 15:00,1028.2,13.2
2025-04-15 16:00,1039.2,14.4
2025-04-15 17:00,1039.5,13.4
2025-04-15 18:00,1100.4,10.4
2025-04-15 19:00,1097.8,10.1
2025-04-15 20:00,1064.3,7.7
2025-04-15 21:00,983.2,7.6
2025-04-15 22:00,913.9,4.6
2025-04-15 23:00,833.0,4.9
2025-04-16 00:00,759.7,3.2
2025-04-16 01:00,681.6,2.8
2025-04-16 02:00,679.0,1.1
2025-04-16 03:00,771.7,-0.4
2025-04-16 04:00,784.3,3.0
2025-04-16 05:00,936.0,1.7
2025-04-16 06:00,1020.8,4.2
2025-04-16 07:00,1111.6,4.5
2025-04-16 08:00,1200.7,6.2
2025-04-16 09:00,1207.8,8.9
2025-04-16 10:00,1228.7,8.9
2025-04-16 11:00,1186.8,11.5
2025-04-16 12:00,1119.8,9.8
2025-04-16 13:00,1066.4,13.1
2025-04-16 14:00,1045.5,12.6
2025-04-16 15:00,1014.8,12.9
2025-04-16 16:00,1023.9,12.9
2025-04-16 17:00,1084.1,12.6
2025-04-16 18:00,1064.6,13.0
2025-04-16 19:00,1103.6,8.2
2025-04-16 20:00,1055.4,8.7
2025-04-16 21:00,1006.2,6.4
2025-04-16 22:00,900.1,6.7
2025-04-16 23:00,844.3,3.7
2025-04-17 00:00,765.2,3.3
2025-04-17 01:00,700.0,1.5
2025-04-17 02:00,670.3,2.0
2025-04-17 03:00,730.9,2.1
2025-04-17 04:00,803.9,0.9
2025-04-17 05:00,921.2,2.0
2025-04-17 06:00,1075.5,1.5
2025-04-17 07:00,1172.7,4.4
2025-04-17 08:00,1201.9,6.5
2025-04-17 09:00,1215.3,6.6
2025-04-17 10:00,1210.9,9.8
2025-04-17 11:00,1149.7,8.1
2025-04-17 12:00,1114.6,9.6
2025-04-17 13:00,1093.1,11.0
2025-04-17 14:00,1042.2,12.5
2025-04-17 15:00,999.6,13.2
2025-04-17 16:00,1011.7,12.9
2025-04-17 17:00,1075.5,12.3
2025-04-17 18:00,1076.6,12.2
2025-04-17 19:00,1081.6,9.7
2025-04-17 20:00,1076.5,7.5
2025-04-17 21:00,1003.2,6.0
2025-04-17 22:00,870.8,7.8
2025-04-17 23:00,861.4,1.9
2025-04-18 00:00,741.2,2.8
2025-04-18 01:00,672.7,3.5
2025-04-18 02:00,671.4,1.9
2025-04-18 03:00,749.2,0.4
2025-04-18 04:00,809.2,1.5
2025-04-18 05:00,931.5,2.9
2025-04-18 06:00,1028.2,4.3
2025-04-18 07:00,1163.7,3.4
2025-04-18 08:00,1190.0,6.5
2025-04-18 09:00,1212.8,7.6
2025-04-18 10:00,1168.6,10.0
2025-04-18 11:00,1134.2,11.7
2025-04-18 12:00,1120.7,11.2
2025-04-18 13:00,1115.1,11.1
2025-04-18 14:00,1003.0,13.5
2025-04-18 15:00,987.4,15.1
2025-04-18 16:00,1033.2,13.8
2025-04-18 17:00,1065.6,12.8
2025-04-18 18:00,1050.6,14.0
2025-04-18 19:00,1095.1,9.3
2025-04-18 20:00,1025.3,9.9
2025-04-18 21:00,999.6,6.8
2025-04-18 22:00,929.8,5.9
2025-04-18 23:00,850.1,4.5
2025-04-19 00:00,620.8,4.7
2025-04-19 01:00,603.2,1.3
2025-04-19 02:00,606.9,1.1
2025-04-19 03:00,661.2,-0.1
2025-04-19 04:00,701.2,2.2
2025-04-19 05:00,779.3,1.8
2025-04-19 06:00,879.1,3.7
2025-04-19 07:00,978.7,3.4
2025-04-19 08:00,996.7,5.6
2025-04-19 09:00,990.4,8.6
2025-04-19 10:00,1012.5,8.9
2025-04-19 11:00,964.0,11.2
2025-04-19 12:00,925.6,12.3
2025-04-19 13:00,877.6,12.4
2025-04-19 14:00,850.9,11.8
2025-04-19 15:00,825.5,14.6
2025-04-19 16:00,837.0,13.6
2025-04-19 17:00,853.3,13.8
2025-04-19 18:00,905.4,9.8
2025-04-19 19:00,907.2,9.0
2025-04-19 20:00,915.5,7.0
2025-04-19 21:00,823.7,6.8
2025-04-19 22:00,759.2,7.1
2025-04-19 23:00,683.6,5.2
2025-04-20 00:00,657.3,3.4
2025-04-20 01:00,599.2,2.6
2025-04-20 02:00,580.8,2.7
2025-04-20 03:00,643.1,1.4
2025-04-20 04:00,693.6,2.3
2025-04-20 05:00,775.9,2.7
2025-04-20 06:00,918.0,1.3
2025-04-20 07:00,966.5,4.4
2025-04-20 08:00,1015.4,7.6
2025-04-20 09:00,1038.3,7.4
2025-04-20 10:00,1013.9,9.2
2025-04-20 11:00,969.3,10.2
2025-04-20 12:00,901.9,11.6
2025-04-20 13:00,871.3,14.1
2025-04-20 14:00,847.7,13.4
2025-04-20 15:00,857.9,12.8
2025-04-20 16:00,879.4,10.5
2025-04-20 17:00,868.9,12.5
2025-04-20 18:00,896.0,10.2
2025-04-20 19:00,924.0,9.1
2025-04-20 20:00,889.3,10.3
2025-04-20 21:00,821.0,8.6
2025-04-20 22:00,790.9,4.5
2025-04-20 23:00,708.0,5.8
2025-04-21 00:00,726.5,4.2
2025-04-21 01:00,696.5,2.0
2025-04-21 02:00,666.1,2.9
2025-04-21 03:00,763.9,0.4
2025-04-21 04:00,829.6,1.0
2025-04-21 05:00,929.5,1.4
2025-04-21 06:00,1021.8,2.7
2025-04-21 07:00,1122.3,5.9
2025-04-21 08:00,1222.9,5.2
2025-04-21 09:00,1224.1,6.9
2025-04-21 10:00,1203.5,8.7
2025-04-21 11:00,1164.1,11.3
2025-04-21 12:00,1084.7,12.0
2025-04-21 13:00,1042.6,14.2
2025-04-21 14:00,1033.6,13.2
2025-04-21 15:00,1011.9,12.9
2025-04-21 16:00,1019.5,13.5
2025-04-21 17:00,1056.9,13.4
2025-04-21 18:00,1082.1,11.5
2025-04-21 19:00,1071.4,11.5
2025-04-21 20:00,1036.9,11.6
2025-04-21 21:00,1000.3,7.7
2025-04-21 22:00,895.4,6.7
2025-04-21 23:00,797.1,6.6
2025-04-22 00:00,752.8,3.4
2025-04-22 01:00,716.0,2.2
2025-04-22 02:00,716.6,1.4
2025-04-22 03:00,712.6,2.7
2025-04-22 04:00,823.7,3.0
2025-04-22 05:00,933.2,3.0
2025-04-22 06:00,1032.9,4.2
2025-04-22 07:00,1125.8,6.6
2025-04-22 08:00,1197.7,7.7
2025-04-22 09:00,1254.5,7.0
2025-04-22 10:00,1182.8,10.0
2025-04-22 11:00,1161.5,11.5
2025-04-22 12:00,1088.6,13.4
2025-04-22 13:00,1045.6,13.4
2025-04-22 14:00,1038.3,13.6
2025-04-22 15:00,1025.4,14.0
2025-04-22 16:00,1025.3,12.5
2025-04-22 17:00,1046.6,13.7
2025-04-22 18:00,1081.0,12.2
2025-04-22 19:00,1049.3,12.0
2025-04-22 20:00,1069.3,9.1
2025-04-22 21:00,991.5,8.1
2025-04-22 22:00,917.8,6.1
2025-04-22 23:00,830.8,4.5
2025-04-23 00:00,757.8,5.1
2025-04-23 01:00,693.4,3.0
2025-04-23 02:00,674.2,3.3
2025-04-23 03:00,761.7,1.5
2025-04-23 04:00,800.6,3.0
2025-04-23 05:00,924.9,1.8
2025-04-23 06:00,1014.2,4.0
2025-04-23 07:00,1147.4,5.2
2025-04-23 08:00,1188.8,7.8
2025-04-23 09:00,1217.5,8.9
2025-04-23 10:00,1199.2,10.2
2025-04-23 11:00,1140.7,12.6
2025-04-23 12:00,1080.5,13.2
2025-04-23 13:00,1027.0,14.6
2025-04-23 14:00,1011.6,15.4
2025-04-23 15:00,1008.2,14.8
2025-04-23 16:00,1047.9,14.4
2025-04-23 17:00,1033.0,14.4
2025-04-23 18:00,1065.4,12.7
2025-04-23 19:00,1052.5,12.3
2025-04-23 20:00,1054.3,11.6
2025-04-23 21:00,959.3,9.8
2025-04-23 22:00,918.0,7.0
2025-04-23 23:00,845.6,4.7
2025-04-24 00:00,732.2,4.7
2025-04-24 01:00,697.0,3.7
2025-04-24 02:00,638.4,4.4
2025-04-24 03:00,719.9,2.7
2025-04-24 04:00,782.6,3.1
2025-04-24 05:00,909.9,4.6
2025-04-24 06:00,1031.4,4.4
2025-04-24 07:00,1113.3,6.0
2025-04-24 08:00,1185.0,9.3
2025-04-24 09:00,1200.3,10.7
2025-04-24 10:00,1178.1,11.4
2025-04-24 11:00,1136.5,12.5
2025-04-24 12:00,1077.1,12.5
2025-04-24 13:00,1031.9,15.0
2025-04-24 14:00,1039.3,15.1
2025-04-24 15:00,989.5,15.5
2025-04-24 16:00,1028.2,14.6
2025-04-24 17:00,1035.4,14.5
2025-04-24 18:00,1078.7,13.4
2025-04-24 19:00,1071.0,12.7
2025-04-24 20:00,1023.7,12.4
2025-04-24 21:00,951.8,9.8
2025-04-24 22:00,906.5,6.2
2025-04-24 23:00,835.4,5.5
2025-04-25 00:00,740.5,3.6
2025-04-25 01:00,697.7,3.5
2025-04-25 02:00,663.9,4.3
2025-04-25 03:00,687.0,3.9
2025-04-25 04:00,813.1,3.1
2025-04-25 05:00,912.3,4.6
2025-04-25 06:00,1021.2,4.6
2025-04-25 07:00,1126.5,5.2
2025-04-25 08:00,1199.3,6.6
2025-04-25 09:00,1203.4,8.8
2025-04-25 10:00,1179.8,12.6
2025-04-25 11:00,1151.6,11.3
2025-04-25 12:00,1040.0,15.2
2025-04-25 13:00,1021.6,16.2
2025-04-25 14:00,997.1,15.3
2025-04-25 15:00,986.0,15.7
2025-04-25 16:00,1024.7,14.9
2025-04-25 17:00,1032.4,14.9
2025-04-25 18:00,1063.1,14.7
2025-04-25 19:00,1079.3,12.8
2025-04-25 20:00,1029.1,12.4
2025-04-25 21:00,943.8,11.0
2025-04-25 22:00,881.2,8.7
2025-04-25 23:00,815.3,7.2
2025-04-26 00:00,611.8,5.6
2025-04-26 01:00,561.6,5.1
2025-04-26 02:00,582.0,3.0
2025-04-26 03:00,612.1,4.4
2025-04-26 04:00,678.1,4.4
2025-04-26 05:00,781.4,4.0
2025-04-26 06:00,823.6,7.9
2025-04-26 07:00,936.7,6.1
2025-04-26 08:00,985.5,7.7
2025-04-26 09:00,994.1,10.4
2025-04-26 10:00,966.8,9.7
2025-04-26 11:00,944.9,12.3
2025-04-26 12:00,886.8,12.9
2025-04-26 13:00,879.3,14.4
2025-04-26 14:00,847.5,15.9
2025-04-26 15:00,839.7,16.5
2025-04-26 16:00,832.6,17.1
2025-04-26 17:00,838.4,16.3
2025-04-26 18:00,875.7,15.7
2025-04-26 19:00,867.6,13.9
2025-04-26 20:00,869.1,11.4
2025-04-26 21:00,786.9,11.5
2025-04-26 22:00,741.0,8.3
2025-04-26 23:00,685.9,6.8
2025-04-27 00:00,623.3,7.7
2025-04-27 01:00,564.9,6.0
2025-04-27 02:00,600.4,4.9
2025-04-27 03:00,638.0,5.2
2025-04-27 04:00,644.8,5.6
2025-04-27 05:00,771.6,3.9
2025-04-27 06:00,837.5,6.2
2025-04-27 07:00,936.2,6.4
2025-04-27 08:00,968.0,9.1
2025-04-27 09:00,997.6,9.9
2025-04-27 10:00,978.2,13.5
2025-04-27 11:00,946.1,14.1
2025-04-27 12:00,899.7,14.1
2025-04-27 13:00,845.8,15.8
2025-04-27 14:00,831.5,15.3
2025-04-27 15:00,814.8,16.8
2025-04-27 16:00,829.7,17.1
2025-04-27 17:00,846.2,16.2
2025-04-27 18:00,892.5,13.1
2025-04-27 19:00,855.0,13.5
2025-04-27 20:00,858.6,12.9
2025-04-27 21:00,829.0,11.1
2025-04-27 22:00,733.2,10.5
2025-04-27 23:00,659.6,6.6
2025-04-28 00:00,732.3,7.2
2025-04-28 01:00,669.3,5.1
2025-04-28 02:00,617.0,5.3
2025-04-28 03:00,698.4,5.4
2025-04-28 04:00,791.3,5.9
2025-04-28 05:00,907.8,5.2
2025-04-28 06:00,1026.7,7.0
2025-04-28 07:00,1125.9,6.9
2025-04-28 08:00,1183.9,8.1
2025-04-28 09:00,1157.0,11.7
2025-04-28 10:00,1158.3,12.6
2025-04-28 11:00,1146.6,12.5
2025-04-28 12:00,1090.7,14.6
2025-04-28 13:00,1007.1,16.4
2025-04-28 14:00,978.0,18.6
2025-04-28 15:00,987.1,18.3
2025-04-28 16:00,964.5,17.8
2025-04-28 17:00,1013.3,14.7
2025-04-28 18:00,1045.2,15.4
2025-04-28 19:00,1049.4,14.8
2025-04-28 20:00,1012.0,13.3
2025-04-28 21:00,926.2,11.8
2025-04-28 22:00,884.2,9.6
2025-04-28 23:00,755.8,10.2
2025-04-29 00:00,708.8,8.7
2025-04-29 01:00,663.0,6.2
2025-04-29 02:00,671.2,4.7
2025-04-29 03:00,691.7,7.5
2025-04-29 04:00,781.0,5.2
2025-04-29 05:00,893.8,7.5
2025-04-29 06:00,1006.6,9.2
2025-04-29 07:00,1116.0,7.6
2025-04-29 08:00,1181.8,10.3
2025-04-29 09:00,1180.5,11.3
2025-04-29 10:00,1178.7,13.7
2025-04-29 11:00,1125.9,15.0
2025-04-29 12:00,1036.2,17.9
2025-04-29 13:00,1011.4,17.5
2025-04-29 14:00,978.7,17.5
2025-04-29 15:00,977.4,18.9
2025-04-29 16:00,999.1,17.3
2025-04-29 17:00,1040.5,16.6
2025-04-29 18:00,1023.5,18.3
2025-04-29 19:00,1054.5,14.0
2025-04-29 20:00,1000.5,12.9
2025-04-29 21:00,960.5,11.9
2025-04-29 22:00,903.8,9.3
2025-04-29 23:00,817.7,6.8
2025-04-30 00:00,705.3,8.8
2025-04-30 01:00,658.3,6.0
2025-04-30 02:00,644.2,5.6
2025-04-30 03:00,698.0,5.6
2025-04-30 04:00,768.1,5.3
2025-04-30 05:00,879.0,5.8
2025-04-30 06:00,1013.2,8.0
2025-04-30 07:00,1061.7,11.5
2025-04-30 08:00,1180.0,11.3
2025-04-30 09:00,1154.1,12.9
2025-04-30 10:00,1185.0,12.2
2025-04-30 11:00,1102.9,15.2
2025-04-30 12:00,1076.9,15.3
2025-04-30 13:00,994.2,18.2
2025-04-30 14:00,984.4,17.8
2025-04-30 15:00,978.2,18.3
2025-04-30 16:00,984.7,18.0
2025-04-30 17:00,1029.6,16.9
2025-04-30 18:00,1074.5,15.1
2025-04-30 19:00,1026.5,15.9
2025-04-30 20:00,1038.8,12.5
2025-04-30 21:00,966.5,11.2
2025-04-30 22:00,874.7,10.6
2025-04-30 23:00,820.9,8.7
2025-05-01 00:00,668.4,8.5
2025-05-01 01:00,635.1,8.3
2025-05-01 02:00,620.0,7.0
2025-05-01 03:00,684.9,6.7
2025-05-01 04:00,770.8,6.8
2025-05-01 05:00,931.8,8.2
2025-05-01 06:00,1017.7,6.5
2025-05-01 07:00,1115.6,10.0
2025-05-01 08:00,1183.0,10.2
2025-05-01 09:00,1181.9,11.4
2025-05-01 10:00,1167.4,14.2
2025-05-01 11:00,1143.7,15.3
2025-05-01 12:00,1056.3,17.5
2025-05-01 13:00,1020.4,19.0
2025-05-01 14:00,1005.5,16.2
2025-05-01 15:00,961.9,18.7
2025-05-01 16:00,1002.4,20.6
2025-05-01 17:00,1025.4,18.9
2025-05-01 18:00,1038.5,18.5
2025-05-01 19:00,1021.3,16.0
2025-05-01 20:00,1016.7,13.0
2025-05-01 21:00,958.3,11.8
2025-05-01 22:00,859.1,12.1
2025-05-01 23:00,779.0,10.9
2025-05-02 00:00,706.5,8.0
2025-05-02 01:00,654.5,7.5
2025-05-02 02:00,621.0,7.5
2025-05-02 03:00,686.7,5.3
2025-05-02 04:00,777.7,6.9
2025-05-02 05:00,840.0,9.5
2025-05-02 06:00,975.6,11.1
2025-05-02 07:00,1078.7,10.0
2025-05-02 08:00,1122.1,13.4
2025-05-02 09:00,1187.0,12.6
2025-05-02 10:00,1152.9,13.9
2025-05-02 11:00,1118.1,14.0
2025-05-02 12:00,1043.5,18.4
2025-05-02 13:00,1009.4,18.1
2025-05-02 14:00,1053.7,21.4
2025-05-02 15:00,960.8,19.6
2025-05-02 16:00,1002.8,19.3
2025-05-02 17:00,1020.1,16.7
2025-05-02 18:00,1049.6,19.1
2025-05-02 19:00,1029.0,16.0
2025-05-02 20:00,968.6,14.8
2025-05-02 21:00,984.9,11.2
2025-05-02 22:00,838.5,12.8
2025-05-02 23:00,762.9,11.5
2025-05-03 00:00,568.0,8.6
2025-05-03 01:00,527.4,8.4
2025-05-03 02:00,530.2,8.1
2025-05-03 03:00,580.2,8.5
2025-05-03 04:00,655.5,7.9
2025-05-03 05:00,707.4,10.1
2025-05-03 06:00,832.6,9.1
2025-05-03 07:00,899.7,10.0
2025-05-03 08:00,955.1,11.6
2025-05-03 09:00,989.8,11.1
2025-05-03 10:00,964.7,14.4
2025-05-03 11:00,890.7,17.7
2025-05-03 12:00,860.7,18.2
2025-05-03 13:00,830.7,18.1
2025-05-03 14:00,823.8,19.9
2025-05-03 15:00,791.6,17.8
2025-05-03 16:00,850.3,19.3
2025-05-03 17:00,837.0,19.6
2025-05-03 18:00,859.2,18.8
2025-05-03 19:00,853.6,16.1
2025-05-03 20:00,833.5,16.4
2025-05-03 21:00,728.6,15.8
2025-05-03 22:00,747.4,12.0
2025-05-03 23:00,631.3,11.7
2025-05-04 00:00,574.0,8.2
2025-05-04 01:00,559.6,6.8
2025-05-04 02:00,564.8,8.8
2025-05-04 03:00,578.7,8.1
2025-05-04 04:00,619.2,8.5
2025-05-04 05:00,725.7,8.3
2025-05-04 06:00,841.0,9.6
2025-05-04 07:00,867.1,11.9
2025-05-04 08:00,926.6,14.3
2025-05-04 09:00,957.8,13.9
2025-05-04 10:00,990.9,14.1
2025-05-04 11:00,897.2,18.5
2025-05-04 12:00,889.6,19.1
2025-05-04 13:00,835.1,20.1
2025-05-04 14:00,813.2,20.2
2025-05-04 15:00,857.8,22.6
2025-05-04 16:00,841.4,20.2
2025-05-04 17:00,822.3,20.0
2025-05-04 18:00,861.7,16.7
2025-05-04 19:00,854.0,16.8
2025-05-04 20:00,816.2,15.2
2025-05-04 21:00,777.2,14.4
2025-05-04 22:00,709.6,13.2
2025-05-04 23:00,636.4,10.7
2025-05-05 00:00,660.5,11.9
2025-05-05 01:00,635.8,8.2
2025-05-05 02:00,631.0,8.2
2025-05-05 03:00,651.3,8.7
2025-05-05 04:00,767.0,7.5
2025-05-05 05:00,837.5,9.9
2025-05-05 06:00,973.3,11.0
2025-05-05 07:00,1075.6,11.3
2025-05-05 08:00,1104.7,15.0
2025-05-05 09:00,1171.3,14.7
2025-05-05 10:00,1168.7,16.5
2025-05-05 11:00,1125.9,16.7
2025-05-05 12:00,1035.8,17.2
2025-05-05 13:00,1037.9,19.3
2025-05-05 14:00,1004.7,20.2
2025-05-05 15:00,997.1,20.3
2025-05-05 16:00,1012.0,21.3
2025-05-05 17:00,1015.8,17.6
2025-05-05 18:00,1046.9,17.9
2025-05-05 19:00,1042.8,16.0
2025-05-05 20:00,972.7,17.7
2025-05-05 21:00,927.5,14.3
2025-05-05 22:00,848.6,12.8
2025-05-05 23:00,778.5,10.8
2025-05-06 00:00,700.5,11.5
2025-05-06 01:00,620.2,9.3
2025-05-06 02:00,625.0,9.3
2025-05-06 03:00,681.8,6.9
2025-05-06 04:00,730.7,10.3
2025-05-06 05:00,863.3,10.2
2025-05-06 06:00,977.2,11.3
2025-05-06 07:00,1038.1,13.2
2025-05-06 08:00,1119.8,13.3
2025-05-06 09:00,1174.8,14.9
2025-05-06 10:00,1136.8,17.3
2025-05-06 11:00,1106.7,18.5
2025-05-06 12:00,1051.7,19.1
2025-05-06 13:00,1023.1,20.4
2025-05-06 14:00,1010.4,20.4
2025-05-06 15:00,1004.8,21.9
2025-05-06 16:00,1009.6,21.9
2025-05-06 17:00,1033.4,20.4
2025-05-06 18:00,1068.6,21.3
2025-05-06 19:00,1013.0,16.7
2025-05-06 20:00,1005.0,16.6
2025-05-06 21:00,923.7,17.0
2025-05-06 22:00,837.5,13.3
2025-05-06 23:00,770.6,10.7
2025-05-07 00:00,664.0,12.5
2025-05-07 01:00,633.0,10.7
2025-05-07 02:00,644.0,8.3
2025-05-07 03:00,639.3,10.1
2025-05-07 04:00,738.0,8.5
2025-05-07 05:00,884.7,8.8
2025-05-07 06:00,973.4,11.0
2025-05-07 07:00,1077.2,11.9
2025-05-07 08:00,1144.7,12.8
2025-05-07 09:00,1178.0,15.1
2025-05-07 10:00,1126.1,16.0
2025-05-07 11:00,1115.3,18.5
2025-05-07 12:00,1052.5,19.7
2025-05-07 13:00,1049.4,21.4
2025-05-07 14:00,1027.5,20.9
2025-05-07 15:00,976.7,20.2
2025-05-07 16:00,1015.3,20.0
2025-05-07 17:00,1030.5,20.5
2025-05-07 18:00,1051.2,21.4
2025-05-07 19:00,1030.0,19.4
2025-05-07 20:00,974.0,16.5
2025-05-07 21:00,902.5,16.6
2025-05-07 22:00,863.3,12.9
2025-05-07 23:00,756.1,13.7
2025-05-08 00:00,668.9,11.0
2025-05-08 01:00,596.7,11.3
2025-05-08 02:00,648.8,10.5
2025-05-08 03:00,681.1,9.4
2025-05-08 04:00,747.9,10.3
2025-05-08 05:00,848.4,9.5
2025-05-08 06:00,959.2,11.4
2025-05-08 07:00,1057.3,13.9
2025-05-08 08:00,1081.5,18.3
2025-05-08 09:00,1166.1,16.5
2025-05-08 10:00,1133.0,17.5
2025-05-08 11:00,1101.9,17.8
2025-05-08 12:00,1062.4,21.1
2025-05-08 13:00,1006.6,19.4
2025-05-08 14:00,995.9,20.9
2025-05-08 15:00,1019.7,22.2
2025-05-08 16:00,1009.5,20.5
2025-05-08 17:00,1049.5,22.6
2025-05-08 18:00,1059.2,21.3
2025-05-08 19:00,1023.0,18.4
2025-05-08 20:00,1007.7,16.9
2025-05-08 21:00,931.3,14.6
2025-05-08 22:00,837.8,13.0
2025-05-08 23:00,745.6,13.4
2025-05-09 00:00,686.9,12.4
2025-05-09 01:00,610.9,11.2
2025-05-09 02:00,615.4,10.5
2025-05-09 03:00,659.2,9.5
2025-05-09 04:00,745.3,10.6
2025-05-09 05:00,868.3,9.4
2025-05-09 06:00,952.2,11.8
2025-05-09 07:00,1043.9,14.6
2025-05-09 08:00,1125.8,15.9
2025-05-09 09:00,1166.3,15.6
2025-05-09 10:00,1145.6,17.3
2025-05-09 11:00,1129.8,20.5
2025-05-09 12:00,1082.1,22.2
2025-05-09 13:00,1018.9,19.9
2025-05-09 14:00,1027.4,21.5
2025-05-09 15:00,999.9,22.4
2025-05-09 16:00,1037.2,23.2
2025-05-09 17:00,1007.7,20.6
2025-05-09 18:00,1047.6,21.1
2025-05-09 19:00,1014.3,18.9
2025-05-09 20:00,978.1,20.2
2025-05-09 21:00,924.3,16.7
2025-05-09 22:00,827.9,14.6
2025-05-09 23:00,744.8,12.9
2025-05-10 00:00,544.2,13.1
2025-05-10 01:00,502.3,11.8
2025-05-10 02:00,546.7,9.4
2025-05-10 03:00,541.8,10.5
2025-05-10 04:00,633.9,9.2
2025-05-10 05:00,694.6,10.4
2025-05-10 06:00,802.9,10.8
2025-05-10 07:00,882.4,12.0
2025-05-10 08:00,926.3,14.1
2025-05-10 09:00,940.5,15.4
2025-05-10 10:00,929.7,18.5
2025-05-10 11:00,940.1,20.2
2025-05-10 12:00,880.1,20.4
2025-05-10 13:00,846.5,20.5
2025-05-10 14:00,844.6,23.0
2025-05-10 15:00,860.5,20.4
2025-05-10 16:00,857.1,20.3
2025-05-10 17:00,877.4,22.4
2025-05-10 18:00,881.3,21.4
2025-05-10 19:00,845.0,20.5
2025-05-10 20:00,799.8,17.8
2025-05-10 21:00,769.2,15.2
2025-05-10 22:00,696.2,14.4
2025-05-10 23:00,600.4,14.1
2025-05-11 00:00,550.9,11.5
2025-05-11 01:00,531.1,10.6
2025-05-11 02:00,531.1,9.3
2025-05-11 03:00,528.4,9.4
2025-05-11 04:00,610.6,11.6
2025-05-11 05:00,719.6,11.8
2025-05-11 06:00,797.1,11.2
2025-05-11 07:00,886.5,12.5
2025-05-11 08:00,906.3,14.5
2025-05-11 09:00,945.6,17.1
2025-05-11 10:00,916.1,17.0
2025-05-11 11:00,891.9,19.4
2025-05-11 12:00,862.1,18.7
2025-05-11 13:00,884.1,20.6
2025-05-11 14:00,839.8,22.9
2025-05-11 15:00,832.8,23.5
2025-05-11 16:00,849.0,21.3
2025-05-11 17:00,860.9,21.1
2025-05-11 18:00,898.4,21.7
2025-05-11 19:00,826.3,19.3
2025-05-11 20:00,779.8,17.7
2025-05-11 21:00,743.6,17.2
2025-05-11 22:00,691.9,15.3
2025-05-11 23:00,611.6,14.8
2025-05-12 00:00,673.3,13.3
2025-05-12 01:00,599.2,10.9
2025-05-12 02:00,599.8,10.8
2025-05-12 03:00,651.8,10.7
2025-05-12 04:00,761.1,9.6
2025-05-12 05:00,860.9,10.6
2025-05-12 06:00,943.3,13.5
2025-05-12 07:00,1054.0,12.2
2025-05-12 08:00,1121.9,16.2
2025-05-12 09:00,1151.4,17.1
2025-05-12 10:00,1167.7,18.2
2025-05-12 11:00,1112.7,20.3
2025-05-12 12:00,1104.8,21.5
2025-05-12 13:00,1036.7,23.2
2025-05-12 14:00,1011.6,22.2
2025-05-12 15:00,1008.7,22.6
2025-05-12 16:00,1023.6,22.4
2025-05-12 17:00,1052.3,23.9
2025-05-12 18:00,1053.4,22.0
2025-05-12 19:00,1023.7,18.9
2025-05-12 20:00,970.1,18.0
2025-05-12 21:00,930.5,16.1
2025-05-12 22:00,831.0,15.3
2025-05-12 23:00,740.1,14.1
2025-05-13 00:00,664.2,14.9
2025-05-13 01:00,635.8,9.8
2025-05-13 02:00,602.6,12.1
2025-05-13 03:00,647.8,11.3
2025-05-13 04:00,742.6,10.4
2025-05-13 05:00,853.8,11.5
2025-05-13 06:00,949.8,12.1
2025-05-13 07:00,1069.9,13.9
2025-05-13 08:00,1130.8,16.3
2025-05-13 09:00,1169.6,15.4
2025-05-13 10:00,1134.8,19.8
2025-05-13 11:00,1084.7,19.5
2025-05-13 12:00,1084.8,22.6
2025-05-13 13:00,1050.5,22.5
2025-05-13 14:00,1047.5,23.9
2025-05-13 15:00,1024.1,23.5
2025-05-13 16:00,1038.9,23.8
2025-05-13 17:00,1071.9,22.2
2025-05-13 18:00,1036.4,20.3
2025-05-13 19:00,1055.5,20.6
2025-05-13 20:00,1000.4,19.2
2025-05-13 21:00,893.7,19.0
2025-05-13 22:00,853.7,13.4
2025-05-13 23:00,734.9,13.7
2025-05-14 00:00,639.0,13.8
2025-05-14 01:00,598.1,10.5
2025-05-14 02:00,587.9,10.9
2025-05-14 03:00,638.3,13.1
2025-05-14 04:00,716.1,12.6
2025-05-14 05:00,855.2,10.9
2025-05-14 06:00,928.0,14.1
2025-05-14 07:00,1037.5,15.1
2025-05-14 08:00,1105.2,16.2
2025-05-14 09:00,1112.2,17.3
2025-05-14 10:00,1108.5,18.8
2025-05-14 11:00,1110.7,19.1
2025-05-14 12:00,1075.7,20.7
2025-05-14 13:00,1038.0,22.9
2025-05-14 14:00,1024.5,22.9
2025-05-14 15:00,1048.6,24.8
2025-05-14 16:00,1057.9,22.4
2025-05-14 17:00,1014.8,19.8
2025-05-14 18:00,1060.2,20.9
2025-05-14 19:00,1067.8,20.2
2025-05-14 20:00,985.5,18.9
2025-05-14 21:00,934.2,17.0
2025-05-14 22:00,800.6,14.6
2025-05-14 23:00,748.8,15.5
2025-05-15 00:00,668.0,12.1
2025-05-15 01:00,579.7,12.5
2025-05-15 02:00,622.7,10.9
2025-05-15 03:00,677.3,9.8
2025-05-15 04:00,739.4,12.6
2025-05-15 05:00,883.3,9.3
2025-05-15 06:00,963.5,11.9
2025-05-15 07:00,1037.8,14.4
2025-05-15 08:00,1112.5,15.1
2025-05-15 09:00,1131.0,17.7
2025-05-15 10:00,1135.9,18.4
2025-05-15 11:00,1101.0,19.5
2025-05-15 12:00,1098.5,23.4
2025-05-15 13:00,1056.0,21.9
2025-05-15 14:00,1028.1,22.6
2025-05-15 15:00,1046.2,21.9
2025-05-15 16:00,1059.0,22.0
2025-05-15 17:00,1038.5,22.8
2025-05-15 18:00,1050.9,21.8
2025-05-15 19:00,1014.9,20.0
2025-05-15 20:00,960.9,17.8
2025-05-15 21:00,915.2,17.6
2025-05-15 22:00,832.1,13.7
2025-05-15 23:00,728.8,13.6
2025-05-16 00:00,660.6,12.5
2025-05-16 01:00,633.3,10.9
2025-05-16 02:00,602.2,11.3
2025-05-16 03:00,652.0,10.3
2025-05-16 04:00,755.4,10.3
2025-05-16 05:00,834.1,13.5
2025-05-16 06:00,956.6,13.4
2025-05-16 07:00,1056.2,15.1
2025-05-16 08:00,1101.0,15.4
2025-05-16 09:00,1133.1,17.9
2025-05-16 10:00,1128.2,19.3
2025-05-16 11:00,1137.8,21.1
2025-05-16 12:00,1111.2,23.5
2025-05-16 13:00,1027.3,21.9
2025-05-16 14:00,1046.4,23.0
2025-05-16 15:00,1004.1,22.9
2025-05-16 16:00,1019.1,19.2
2025-05-16 17:00,1039.5,20.7
2025-05-16 18:00,1041.0,21.2
2025-05-16 19:00,1022.8,20.5
2025-05-16 20:00,972.9,17.9
2025-05-16 21:00,903.9,18.0
2025-05-16 22:00,809.9,16.6
2025-05-16 23:00,753.7,13.5
2025-05-17 00:00,518.7,14.1
2025-05-17 01:00,498.2,13.4
2025-05-17 02:00,506.8,11.5
2025-05-17 03:00,527.3,9.9
2025-05-17 04:00,605.4,12.5
2025-05-17 05:00,685.1,11.5
2025-05-17 06:00,760.2,12.2
2025-05-17 07:00,860.6,14.0
2025-05-17 08:00,921.8,14.8
2025-05-17 09:00,939.8,17.9
2025-05-17 10:00,926.7,19.2
2025-05-17 11:00,946.6,21.1
2025-05-17 12:00,914.5,21.7
2025-05-17 13:00,871.4,21.2
2025-05-17 14:00,864.7,22.5
2025-05-17 15:00,857.8,23.7
2025-05-17 16:00,842.2,22.2
2025-05-17 17:00,901.6,24.9
2025-05-17 18:00,880.1,20.8
2025-05-17 19:00,847.8,19.2
2025-05-17 20:00,810.2,19.5
2025-05-17 21:00,722.3,17.5
2025-05-17 22:00,697.7,15.2
2025-05-17 23:00,623.2,13.5
2025-05-18 00:00,530.3,12.9
2025-05-18 01:00,509.2,12.4
2025-05-18 02:00,515.9,11.7
2025-05-18 03:00,548.4,10.4
2025-05-18 04:00,623.0,11.4
2025-05-18 05:00,707.1,12.4
2025-05-18 06:00,766.2,13.2
2025-05-18 07:00,895.4,10.6
2025-05-18 08:00,936.9,14.3
2025-05-18 09:00,958.0,15.9
2025-05-18 10:00,944.3,18.0
2025-05-18 11:00,885.6,19.9
2025-05-18 12:00,893.9,21.8
2025-05-18 13:00,877.0,22.5
2025-05-18 14:00,862.1,22.3
2025-05-18 15:00,868.4,22.7
2025-05-18 16:00,854.5,24.2
2025-05-18 17:00,853.2,21.2
2025-05-18 18:00,853.5,21.2
2025-05-18 19:00,874.1,21.2
2025-05-18 20:00,785.4,18.5
2025-05-18 21:00,789.7,14.6
2025-05-18 22:00,699.6,15.4
2025-05-18 23:00,628.3,13.2
2025-05-19 00:00,634.6,12.2
2025-05-19 01:00,597.9,12.4
2025-05-19 02:00,619.3,11.2
2025-05-19 03:00,636.3,10.3
2025-05-19 04:00,726.7,11.6
2025-05-19 05:00,841.6,11.8
2025-05-19 06:00,972.6,12.4
2025-05-19 07:00,1058.4,13.8
2025-05-19 08:00,1122.1,15.2
2025-05-19 09:00,1139.1,16.1
2025-05-19 10:00,1130.1,17.6
2025-05-19 11:00,1105.8,19.5
2025-05-19 12:00,1075.9,19.7
2025-05-19 13:00,1026.4,20.4
2025-05-19 14:00,1047.0,23.5
2025-05-19 15:00,990.0,22.2
2025-05-19 16:00,1046.6,22.2
2025-05-19 17:00,1040.7,21.5
2025-05-19 18:00,1065.9,20.7
2025-05-19 19:00,1030.3,19.4
2025-05-19 20:00,989.0,18.0
2025-05-19 21:00,948.1,15.6
2025-05-19 22:00,820.1,15.7
2025-05-19 23:00,754.0,12.6
2025-05-20 00:00,656.1,13.1
2025-05-20 01:00,639.9,9.2
2025-05-20 02:00,600.1,9.5
2025-05-20 03:00,645.6,11.3
2025-05-20 04:00,738.2,10.3
2025-05-20 05:00,843.7,10.4
2025-05-20 06:00,956.3,12.4
2025-05-20 07:00,1045.7,12.2
2025-05-20 08:00,1142.6,14.8
2025-05-20 09:00,1171.4,14.0
2025-05-20 10:00,1160.2,17.3
2025-05-20 11:00,1086.4,18.6
2025-05-20 12:00,1058.8,21.0
2025-05-20 13:00,1050.1,22.3
2025-05-20 14:00,985.1,21.1
2025-05-20 15:00,1032.7,23.8
2025-05-20 16:00,1010.8,21.3
2025-05-20 17:00,1018.5,19.3
2025-05-20 18:00,1029.1,18.0
2025-05-20 19:00,1040.9,20.6
2025-05-20 20:00,1007.8,17.6
2025-05-20 21:00,936.3,15.4
2025-05-20 22:00,826.8,13.8
2025-05-20 23:00,773.5,12.0
2025-05-21 00:00,638.4,13.2
2025-05-21 01:00,624.1,10.8
2025-05-21 02:00,582.5,12.0
2025-05-21 03:00,649.2,9.8
2025-05-21 04:00,783.7,7.8
2025-05-21 05:00,836.1,11.6
2025-05-21 06:00,959.0,11.4
2025-05-21 07:00,1055.6,12.7
2025-05-21 08:00,1106.5,16.0
2025-05-21 09:00,1171.3,15.7
2025-05-21 10:00,1114.2,18.6
2025-05-21 11:00,1084.0,18.9
2025-05-21 12:00,1070.3,19.4
2025-05-21 13:00,1016.1,21.6
2025-05-21 14:00,1003.8,21.1
2025-05-21 15:00,1039.8,23.1
2025-05-21 16:00,1032.3,22.6
2025-05-21 17:00,1032.5,21.1
2025-05-21 18:00,1038.5,20.7
2025-05-21 19:00,1014.9,19.4
2025-05-21 20:00,976.0,17.1
2025-05-21 21:00,917.9,16.7
2025-05-21 22:00,862.5,14.0
2025-05-21 23:00,760.7,13.3
2025-05-22 00:00,673.5,10.5
2025-05-22 01:00,613.1,10.6
2025-05-22 02:00,626.6,10.3
2025-05-22 03:00,642.7,8.9
2025-05-22 04:00,743.2,9.4
2025-05-22 05:00,854.8,9.9
2025-05-22 06:00,945.1,12.1
2025-05-22 07:00,1056.4,11.9
2025-05-22 08:00,1129.3,14.5
2025-05-22 09:00,1112.2,17.1
2025-05-22 10:00,1117.0,17.5
2025-05-22 11:00,1094.0,16.9
2025-05-22 12:00,1067.5,19.9
2025-05-22 13:00,1020.9,21.8
2025-05-22 14:00,1024.8,21.0
2025-05-22 15:00,1014.0,22.6
2025-05-22 16:00,1022.0,21.9
2025-05-22 17:00,1034.0,21.1
2025-05-22 18:00,1027.8,19.4
2025-05-22 19:00,1002.2,17.9
2025-05-22 20:00,1004.5,16.7
2025-05-22 21:00,929.4,15.5
2025-05-22 22:00,838.7,14.4
2025-05-22 23:00,765.8,12.8
2025-05-23 00:00,668.4,10.8
2025-05-23 01:00,636.6,10.2
2025-05-23 02:00,619.8,9.9
2025-05-23 03:00,667.0,7.7
2025-05-23 04:00,767.1,8.7
2025-05-23 05:00,842.9,9.3
2025-05-23 06:00,982.6,10.8
2025-05-23 07:00,1057.1,12.0
2025-05-23 08:00,1139.5,13.4
2025-05-23 09:00,1181.8,14.3
2025-05-23 10:00,1139.2,17.4
2025-05-23 11:00,1089.0,18.5
2025-05-23 12:00,1050.5,17.8
2025-05-23 13:00,1022.8,20.4
2025-05-23 14:00,980.1,19.8
2025-05-23 15:00,1003.8,22.8
2025-05-23 16:00,1013.0,20.4
2025-05-23 17:00,1036.2,19.9
2025-05-23 18:00,1011.0,19.4
2025-05-23 19:00,1016.1,17.8
2025-05-23 20:00,996.4,16.5
2025-05-23 21:00,917.9,16.6
2025-05-23 22:00,831.4,13.7
2025-05-23 23:00,766.0,12.8
2025-05-24 00:00,540.7,11.8
2025-05-24 01:00,549.1,8.8
2025-05-24 02:00,536.2,10.8
2025-05-24 03:00,526.7,9.6
2025-05-24 04:00,626.3,10.0
2025-05-24 05:00,731.8,8.8
2025-05-24 06:00,806.8,11.4
2025-05-24 07:00,873.1,12.2
2025-05-24 08:00,938.0,12.7
2025-05-24 09:00,912.5,17.1
2025-05-24 10:00,934.4,16.9
2025-05-24 11:00,908.7,17.5
2025-05-24 12:00,860.3,19.2
2025-05-24 13:00,837.1,20.8
2025-05-24 14:00,829.9,21.6
2025-05-24 15:00,829.9,21.3
2025-05-24 16:00,845.8,21.7
2025-05-24 17:00,857.2,21.3
2025-05-24 18:00,844.0,17.6
2025-05-24 19:00,821.0,17.1
2025-05-24 20:00,784.5,15.2
2025-05-24 21:00,779.3,14.7
2025-05-24 22:00,714.4,14.4
2025-05-24 23:00,608.2,12.2
2025-05-25 00:00,572.1,9.2
2025-05-25 01:00,541.5,9.0
2025-05-25 02:00,536.3,9.7
2025-05-25 03:00,581.1,7.9
2025-05-25 04:00,654.6,8.6
2025-05-25 05:00,719.7,9.5
2025-05-25 06:00,837.2,8.3
2025-05-25 07:00,891.0,12.2
2025-05-25 08:00,932.2,13.2
2025-05-25 09:00,970.1,14.9
2025-05-25 10:00,959.4,14.9
2025-05-25 11:00,923.9,16.5
2025-05-25 12:00,854.3,17.9
2025-05-25 13:00,855.8,19.7
2025-05-25 14:00,807.6,20.1
2025-05-25 15:00,827.5,20.4
2025-05-25 16:00,807.4,21.8
2025-05-25 17:00,838.2,20.7
2025-05-25 18:00,853.2,17.7
2025-05-25 19:00,839.3,16.5
2025-05-25 20:00,807.4,17.4
2025-05-25 21:00,754.1,13.8
2025-05-25 22:00,720.9,13.9
2025-05-25 23:00,633.4,12.7
2025-05-26 00:00,691.9,9.3
2025-05-26 01:00,647.6,8.6
2025-05-26 02:00,638.3,8.3
2025-05-26 03:00,705.4,7.1
2025-05-26 04:00,772.3,7.2
2025-05-26 05:00,851.2,8.4
2025-05-26 06:00,971.1,10.5
2025-05-26 07:00,1102.1,10.5
2025-05-26 08:00,1152.9,12.1
2025-05-26 09:00,1163.1,13.4
2025-05-26 10:00,1169.7,14.0
2025-05-26 11:00,1097.9,18.3
2025-05-26 12:00,1077.9,15.7
2025-05-26 13:00,986.3,18.3
2025-05-26 14:00,986.8,20.1
2025-05-26 15:00,989.4,18.4
2025-05-26 16:00,1006.0,20.1
2025-05-26 17:00,1035.6,20.2
2025-05-26 18:00,1061.3,17.1
2025-05-26 19:00,1021.0,16.9
2025-05-26 20:00,1014.0,14.1
2025-05-26 21:00,929.5,14.1
2025-05-26 22:00,850.5,12.1
2025-05-26 23:00,767.3,10.8
2025-05-27 00:00,658.2,10.7
2025-05-27 01:00,608.4,8.8
2025-05-27 02:00,646.5,9.1
2025-05-27 03:00,674.0,8.1
2025-05-27 04:00,792.0,6.5
2025-05-27 05:00,873.1,8.5
2025-05-27 06:00,984.8,9.7
2025-05-27 07:00,1106.5,9.0
2025-05-27 08:00,1145.7,13.2
2025-05-27 09:00,1151.3,13.4
2025-05-27 10:00,1167.3,15.3
2025-05-27 11:00,1102.2,15.4
2025-05-27 12:00,1054.7,17.6
2025-05-27 13:00,1051.2,18.8
2025-05-27 14:00,988.7,18.7
2025-05-27 15:00,1012.9,19.3
2025-05-27 16:00,994.9,16.9
2025-05-27 17:00,1035.9,19.8
2025-05-27 18:00,1040.2,16.3
2025-05-27 19:00,1057.7,14.0
2025-05-27 20:00,1001.1,13.7
2025-05-27 21:00,940.9,12.3
2025-05-27 22:00,865.0,12.1
2025-05-27 23:00,760.3,9.2
2025-05-28 00:00,681.4,9.1
2025-05-28 01:00,666.1,6.9
2025-05-28 02:00,614.3,9.4
2025-05-28 03:00,667.9,7.5
2025-05-28 04:00,735.5,9.1
2025-05-28 05:00,889.5,6.7
2025-05-28 06:00,980.3,9.4
2025-05-28 07:00,1099.1,9.0
2025-05-28 08:00,1143.8,11.9
2025-05-28 09:00,1195.2,13.5
2025-05-28 10:00,1165.5,12.8
2025-05-28 11:00,1094.6,14.7
2025-05-28 12:00,1069.2,15.9
2025-05-28 13:00,1020.4,16.5
2025-05-28 14:00,984.8,17.8
2025-05-28 15:00,955.0,17.8
2025-05-28 16:00,1015.1,17.1
2025-05-28 17:00,1010.7,18.0
2025-05-28 18:00,1028.5,17.5
2025-05-28 19:00,1025.3,14.3
2025-05-28 20:00,1021.6,13.6
2025-05-28 21:00,950.5,12.6
2025-05-28 22:00,891.5,10.8
2025-05-28 23:00,779.9,8.9
2025-05-29 00:00,675.7,9.1
2025-05-29 01:00,647.0,8.2
2025-05-29 02:00,628.5,7.4
2025-05-29 03:00,698.5,6.3
2025-05-29 04:00,740.4,8.6
2025-05-29 05:00,865.4,9.0
2025-05-29 06:00,996.6,7.8
2025-05-29 07:00,1093.6,9.3
2025-05-29 08:00,1138.3,12.0
2025-05-29 09:00,1174.3,11.5
2025-05-29 10:00,1157.9,14.3
2025-05-29 11:00,1108.9,15.3
2025-05-29 12:00,1070.3,15.8
2025-05-29 13:00,1009.7,17.2
2025-05-29 14:00,962.0,16.5
2025-05-29 15:00,978.6,17.7
2025-05-29 16:00,1028.5,16.0
2025-05-29 17:00,1030.2,19.6
2025-05-29 18:00,1034.0,17.9
2025-05-29 19:00,1037.0,16.3
2025-05-29 20:00,1004.9,14.0
2025-05-29 21:00,927.9,13.1
2025-05-29 22:00,874.8,11.8
2025-05-29 23:00,790.6,10.0
2025-05-30 00:00,,8.7
2025-05-30 01:00,,5.9
2025-05-30 02:00,,6.6
2025-05-30 03:00,,5.4
2025-05-30 04:00,,4.9
2025-05-30 05:00,,5.6
2025-05-30 06:00,,8.1
2025-05-30 07:00,,9.9
2025-05-30 08:00,,8.9
2025-05-30 09:00,,13.6
2025-05-30 10:00,,14.8
2025-05-30 11:00,,14.4
2025-05-30 12:00,,15.5
2025-05-30 13:00,,16.8
2025-05-30 14:00,,18.5
2025-05-30 15:00,,17.3
2025-05-30 16:00,,16.3
2025-05-30 17:00,,17.2
2025-05-30 18:00,,13.8
2025-05-30 19:00,,14.7
2025-05-30 20:00,,14.3
2025-05-30 21:00,,11.8
2025-05-30 22:00,,10.7
2025-05-30 23:00,,9.0
2025-05-31 00:00,,8.0
2025-05-31 01:00,,6.4
2025-05-31 02:00,,4.8
2025-05-31 03:00,,5.2
2025-05-31 04:00,,5.5
2025-05-31 05:00,,7.4
2025-05-31 06:00,,8.7
2025-05-31 07:00,,8.7
2025-05-31 08:00,,9.0
2025-05-31 09:00,,10.6
2025-05-31 10:00,,12.6
2025-05-31 11:00,,15.6
2025-05-31 12:00,,15.8
2025-05-31 13:00,,16.3
2025-05-31 14:00,,16.2
2025-05-31 15:00,,18.0
2025-05-31 16:00,,17.2
2025-05-31 17:00,,16.3
2025-05-31 18:00,,15.4
2025-05-31 19:00,,15.8
2025-05-31 20:00,,12.4
2025-05-31 21:00,,12.7
2025-05-31 22:00,,10.7
2025-05-31 23:00,,8.0
