date,sales,visits,temperature,promo,holiday
2024-01-01,118.4,370.0,5.1,0,1
2024-01-02,202.2,620.0,8.8,0,0
2024-01-03,224.1,665.0,9.0,0,0
2024-01-04,236.5,685.0,7.7,0,0
2024-01-05,273.5,820.0,6.4,0,0
2024-01-06,300.0,973.0,3.7,0,0
2024-01-07,374.1,1219.0,7.9,1,0
2024-01-08,227.5,725.0,4.9,0,0
2024-01-09,185.4,610.0,4.9,0,0
2024-01-10,215.4,652.0,4.4,0,0
2024-01-11,243.3,752.0,5.2,0,0
2024-01-12,265.3,831.0,4.1,0,0
2024-01-13,314.2,942.0,4.8,0,0
2024-01-14,282.5,846.0,2.9,0,0
2024-01-15,202.4,630.0,4.3,0,0
2024-01-16,208.3,636.0,9.6,0,0
2024-01-17,202.4,596.0,4.9,0,0
2024-01-18,226.4,713.0,4.6,0,0
2024-01-19,263.5,809.0,6.2,0,0
2024-01-20,313.5,1003.0,6.6,0,0
2024-01-21,277.1,859.0,3.0,0,0
2024-01-22,214.9,657.0,4.8,0,0
2024-01-23,192.0,599.0,7.1,0,0
2024-01-24,301.2,929.0,5.8,1,0
2024-01-25,325.3,988.0,5.6,1,0
2024-01-26,281.0,859.0,8.5,0,0
2024-01-27,311.6,988.0,4.1,0,0
2024-01-28,282.3,894.0,5.7,0,0
2024-01-29,217.4,713.0,4.5,0,0
2024-01-30,211.3,604.0,8.6,0,0
2024-01-31,195.7,595.0,1.8,0,0
2024-02-01,242.7,740.0,4.4,0,0
2024-02-02,388.7,1210.0,4.7,1,0
2024-02-03,307.0,938.0,7.2,0,0
2024-02-04,296.0,902.0,7.1,0,0
2024-02-05,224.3,719.0,8.8,0,0
2024-02-06,200.3,626.0,2.9,0,0
2024-02-07,304.4,909.0,7.7,1,0
2024-02-08,230.8,756.0,5.7,0,0
2024-02-09,276.0,885.0,5.0,0,0
2024-02-10,337.2,1028.0,7.5,0,0
2024-02-11,284.7,907.0,4.7,0,0
2024-02-12,209.9,629.0,2.4,0,0
2024-02-13,208.1,679.0,6.0,0,0
2024-02-14,212.1,651.0,3.8,0,0
2024-02-15,254.7,765.0,5.6,0,0
2024-02-16,273.0,835.0,7.7,0,0
2024-02-17,334.6,1014.0,7.7,0,0
2024-02-18,286.2,893.0,10.4,0,0
2024-02-19,226.7,708.0,6.9,0,0
2024-02-20,204.9,636.0,4.4,0,0
2024-02-21,198.9,600.0,6.0,0,0
2024-02-22,325.5,899.0,5.8,1,0
2024-02-23,269.3,838.0,5.3,0,0
2024-02-24,326.7,956.0,8.8,0,0
2024-02-25,304.8,952.0,6.7,0,0
2024-02-26,208.7,681.0,4.2,0,0
2024-02-27,205.7,646.0,9.7,0,0
2024-02-28,235.9,720.0,8.2,0,0
2024-02-29,250.2,770.0,9.2,0,0
2024-03-01,296.7,916.0,8.9,0,0
2024-03-02,335.7,1024.0,10.0,0,0
2024-03-03,288.9,878.0,9.0,0,0
2024-03-04,228.8,681.0,11.5,0,0
2024-03-05,225.4,735.0,10.0,0,0
2024-03-06,235.0,728.0,10.1,0,0
2024-03-07,251.1,807.0,10.3,0,0
2024-03-08,281.4,865.0,6.7,0,0
2024-03-09,331.3,1029.0,9.4,0,0
2024-03-10,292.0,900.0,9.4,0,0
2024-03-11,243.6,769.0,10.5,0,0
2024-03-12,211.5,680.0,7.5,0,0
2024-03-13,223.1,699.0,13.6,0,0
2024-03-14,247.6,747.0,10.7,0,0
2024-03-15,289.0,873.0,8.3,0,0
2024-03-16,334.0,1085.0,7.4,0,0
2024-03-17,296.7,911.0,10.4,0,0
2024-03-18,222.5,681.0,11.0,0,0
2024-03-19,214.7,710.0,9.9,0,0
2024-03-20,215.1,699.0,11.6,0,0
2024-03-21,239.6,759.0,10.3,0,0
2024-03-22,295.8,905.0,12.9,0,0
2024-03-23,328.4,1089.0,10.5,0,0
2024-03-24,302.4,949.0,12.0,0,0
2024-03-25,242.2,767.0,14.2,0,0
2024-03-26,230.7,710.0,17.6,0,0
2024-03-27,226.6,660.0,10.6,0,0
2024-03-28,269.0,794.0,11.9,0,0
2024-03-29,291.0,914.0,11.3,0,0
2024-03-30,334.1,1048.0,14.7,0,0
2024-03-31,400.2,1233.0,11.0,1,0
2024-04-01,231.7,683.0,12.5,0,0
2024-04-02,211.1,611.0,13.6,0,0
2024-04-03,227.6,696.0,11.8,0,0
2024-04-04,249.0,728.0,12.1,0,0
2024-04-05,270.4,865.0,13.2,0,0
2024-04-06,436.1,1387.0,10.1,1,0
2024-04-07,292.9,993.0,11.6,0,0
2024-04-08,298.1,950.0,13.8,1,0
2024-04-09,205.5,619.0,15.1,0,0
2024-04-10,226.7,676.0,14.6,0,0
2024-04-11,247.5,664.0,11.6,0,0
2024-04-12,287.1,872.0,14.4,0,0
2024-04-13,326.6,1007.0,17.1,0,0
2024-04-14,305.8,977.0,16.8,0,0
2024-04-15,219.9,700.0,15.7,0,0
2024-04-16,214.1,681.0,14.3,0,0
2024-04-17,242.7,759.0,17.5,0,0
2024-04-18,245.4,781.0,15.2,0,0
2024-04-19,279.2,909.0,14.2,0,0
2024-04-20,338.7,1018.0,15.1,0,0
2024-04-21,299.2,914.0,19.8,0,0
2024-04-22,228.0,665.0,17.5,0,0
2024-04-23,223.7,742.0,19.5,0,0
2024-04-24,308.0,994.0,16.4,1,0
2024-04-25,236.8,757.0,19.4,0,0
2024-04-26,277.2,823.0,16.5,0,0
2024-04-27,321.9,1003.0,17.6,0,0
2024-04-28,295.2,908.0,23.0,0,0
2024-04-29,224.4,698.0,19.7,0,0
2024-04-30,276.0,850.0,17.4,1,0
2024-05-01,130.6,420.0,18.4,0,1
2024-05-02,244.8,747.0,19.3,0,0
2024-05-03,289.0,921.0,21.3,0,0
2024-05-04,330.4,1031.0,18.0,0,0
2024-05-05,283.7,871.0,15.7,0,0
2024-05-06,228.5,705.0,18.8,0,0
2024-05-07,230.5,701.0,19.5,0,0
2024-05-08,230.9,740.0,19.9,0,0
2024-05-09,248.5,762.0,22.4,0,0
2024-05-10,283.0,886.0,20.6,0,0
2024-05-11,321.1,984.0,21.7,0,0
2024-05-12,291.8,860.0,18.0,0,0
2024-05-13,236.8,761.0,22.1,0,0
2024-05-14,215.6,637.0,24.7,0,0
2024-05-15,227.3,725.0,22.2,0,0
2024-05-16,258.1,813.0,21.3,0,0
2024-05-17,276.9,809.0,21.3,0,0
2024-05-18,330.3,996.0,24.7,0,0
2024-05-19,279.5,851.0,19.4,0,0
2024-05-20,218.7,653.0,21.1,0,0
2024-05-21,212.0,622.0,22.4,0,0
2024-05-22,244.9,781.0,23.1,0,0
2024-05-23,241.9,743.0,20.9,0,0
2024-05-24,274.8,864.0,22.5,0,0
2024-05-25,315.1,964.0,21.4,0,0
2024-05-26,376.3,1176.0,22.4,1,0
2024-05-27,229.0,687.0,22.0,0,0
2024-05-28,211.4,655.0,20.1,0,0
2024-05-29,240.0,762.0,22.4,0,0
2024-05-30,248.8,773.0,24.3,0,0
2024-05-31,284.3,868.0,20.8,0,0
2024-06-01,318.7,955.0,22.3,0,0
2024-06-02,292.2,911.0,24.2,0,0
2024-06-03,207.6,654.0,20.9,0,0
2024-06-04,211.2,647.0,23.5,0,0
2024-06-05,218.1,653.0,21.1,0,0
2024-06-06,243.7,772.0,25.6,0,0
2024-06-07,262.7,889.0,28.0,0,0
2024-06-08,424.5,1307.0,27.5,1,0
2024-06-09,278.7,874.0,23.1,0,0
2024-06-10,219.1,691.0,25.2,0,0
2024-06-11,208.2,568.0,24.0,0,0
2024-06-12,218.3,681.0,24.0,0,0
2024-06-13,247.9,747.0,27.0,0,0
2024-06-14,256.1,835.0,21.4,0,0
2024-06-15,306.1,941.0,26.2,0,0
2024-06-16,281.7,850.0,24.0,0,0
2024-06-17,223.8,687.0,27.0,0,0
2024-06-18,205.6,642.0,24.6,0,0
2024-06-19,211.2,638.0,23.0,0,0
2024-06-20,231.8,717.0,24.9,0,0
2024-06-21,269.1,794.0,25.9,0,0
2024-06-22,316.5,974.0,24.6,0,0
2024-06-23,353.4,1119.0,25.5,1,0
2024-06-24,226.9,763.0,23.6,0,0
2024-06-25,206.4,661.0,20.4,0,0
2024-06-26,214.8,674.0,26.5,0,0
2024-06-27,243.6,791.0,26.1,0,0
2024-06-28,253.2,816.0,25.1,0,0
2024-06-29,289.9,949.0,24.9,0,0
2024-06-30,266.3,858.0,26.9,0,0
2024-07-01,209.5,646.0,24.0,0,0
2024-07-02,199.3,626.0,23.5,0,0
2024-07-03,208.9,653.0,24.5,0,0
2024-07-04,173.7,547.0,27.3,1,1
2024-07-05,318.9,995.0,22.2,1,0
2024-07-06,399.7,1216.0,27.4,1,0
2024-07-07,257.3,735.0,23.7,0,0
2024-07-08,203.4,611.0,22.8,0,0
2024-07-09,202.5,567.0,27.5,0,0
2024-07-10,201.9,628.0,24.8,0,0
2024-07-11,283.1,878.0,22.4,1,0
2024-07-12,249.9,724.0,24.3,0,0
2024-07-13,299.8,950.0,26.9,0,0
2024-07-14,276.1,882.0,27.4,0,0
2024-07-15,273.6,851.0,24.1,1,0
2024-07-16,193.4,649.0,25.8,0,0
2024-07-17,205.2,692.0,26.4,0,0
2024-07-18,218.9,642.0,23.6,0,0
2024-07-19,261.1,840.0,25.6,0,0
2024-07-20,277.7,874.0,24.8,0,0
2024-07-21,273.5,860.0,23.8,0,0
2024-07-22,202.6,656.0,23.8,0,0
2024-07-23,192.1,574.0,24.9,0,0
2024-07-24,269.8,819.0,24.8,1,0
2024-07-25,232.6,696.0,23.6,0,0
2024-07-26,255.5,769.0,23.8,0,0
2024-07-27,303.2,937.0,26.8,0,0
2024-07-28,343.7,1022.0,25.0,1,0
2024-07-29,218.6,646.0,26.3,0,0
2024-07-30,210.0,668.0,26.8,0,0
2024-07-31,206.5,638.0,25.6,0,0
2024-08-01,242.4,763.0,28.9,0,0
2024-08-02,250.8,721.0,22.6,0,0
2024-08-03,292.2,882.0,25.8,0,0
2024-08-04,252.4,766.0,23.5,0,0
2024-08-05,207.6,645.0,27.8,0,0
2024-08-06,206.1,621.0,27.4,0,0
2024-08-07,187.5,609.0,20.0,0,0
2024-08-08,224.6,695.0,21.9,0,0
2024-08-09,254.9,791.0,25.1,0,0
2024-08-10,291.7,905.0,25.2,0,0
2024-08-11,243.5,776.0,25.0,0,0
2024-08-12,201.8,611.0,23.3,0,0
2024-08-13,199.9,653.0,24.3,0,0
2024-08-14,198.3,629.0,24.6,0,0
2024-08-15,221.3,691.0,23.0,0,0
2024-08-16,232.6,722.0,25.1,0,0
2024-08-17,284.2,897.0,18.5,0,0
2024-08-18,254.1,818.0,24.1,0,0
2024-08-19,205.4,665.0,20.7,0,0
2024-08-20,180.2,570.0,24.6,0,0
2024-08-21,206.1,665.0,22.1,0,0
2024-08-22,215.1,670.0,20.6,0,0
2024-08-23,329.9,1060.0,23.1,1,0
2024-08-24,274.4,850.0,20.4,0,0
2024-08-25,248.8,709.0,20.2,0,0
2024-08-26,213.7,703.0,18.8,0,0
2024-08-27,184.3,575.0,21.8,0,0
2024-08-28,196.1,573.0,22.7,0,0
2024-08-29,219.6,675.0,23.6,0,0
2024-08-30,238.0,711.0,21.1,0,0
2024-08-31,296.5,982.0,23.4,0,0
2024-09-01,269.7,851.0,21.2,0,0
2024-09-02,193.8,554.0,20.8,0,0
2024-09-03,178.2,569.0,22.0,0,0
2024-09-04,212.1,646.0,22.9,0,0
2024-09-05,226.0,758.0,19.9,0,0
2024-09-06,252.1,750.0,20.0,0,0
2024-09-07,292.5,839.0,20.0,0,0
2024-09-08,248.9,774.0,20.3,0,0
2024-09-09,195.2,595.0,18.2,0,0
2024-09-10,181.8,551.0,21.9,0,0
2024-09-11,186.6,514.0,18.9,0,0
2024-09-12,227.2,717.0,20.5,0,0
2024-09-13,238.5,789.0,17.8,0,0
2024-09-14,303.5,884.0,20.0,0,0
2024-09-15,257.7,834.0,19.9,0,0
2024-09-16,192.7,580.0,18.1,0,0
2024-09-17,258.5,872.0,22.8,1,0
2024-09-18,214.6,678.0,19.4,0,0
2024-09-19,227.4,699.0,22.0,0,0
2024-09-20,240.0,777.0,20.2,0,0
2024-09-21,286.1,903.0,16.8,0,0
2024-09-22,266.5,808.0,17.2,0,0
2024-09-23,196.6,631.0,18.7,0,0
2024-09-24,183.7,554.0,17.8,0,0
2024-09-25,207.6,590.0,17.6,0,0
2024-09-26,219.0,740.0,16.8,0,0
2024-09-27,233.5,713.0,13.5,0,0
2024-09-28,282.9,859.0,16.5,0,0
2024-09-29,245.1,770.0,12.4,0,0
2024-09-30,203.2,583.0,17.4,0,0
2024-10-01,188.8,545.0,15.0,0,0
2024-10-02,207.0,627.0,14.9,0,0
2024-10-03,224.6,681.0,15.7,0,0
2024-10-04,237.4,738.0,16.5,0,0
2024-10-05,287.6,925.0,12.9,0,0
2024-10-06,261.4,796.0,12.1,0,0
2024-10-07,201.0,638.0,13.3,0,0
2024-10-08,193.0,616.0,11.2,0,0
2024-10-09,256.0,761.0,13.2,1,0
2024-10-10,218.1,683.0,18.1,0,0
2024-10-11,255.2,763.0,12.7,0,0
2024-10-12,284.6,914.0,15.9,0,0
2024-10-13,240.1,758.0,11.7,0,0
2024-10-14,210.8,654.0,14.8,0,0
2024-10-15,185.1,534.0,13.4,0,0
2024-10-16,199.5,622.0,13.8,0,0
2024-10-17,213.1,637.0,14.9,0,0
2024-10-18,247.8,789.0,17.1,0,0
2024-10-19,285.5,881.0,13.8,0,0
2024-10-20,261.5,786.0,13.5,0,0
2024-10-21,203.3,658.0,11.1,0,0
2024-10-22,176.6,569.0,14.1,0,0
2024-10-23,209.0,630.0,12.2,0,0
2024-10-24,217.6,709.0,14.2,0,0
2024-10-25,247.1,757.0,12.3,0,0
2024-10-26,308.2,946.0,15.7,0,0
2024-10-27,260.4,811.0,8.1,0,0
2024-10-28,191.9,572.0,11.3,0,0
2024-10-29,212.3,645.0,13.5,0,0
2024-10-30,197.7,608.0,10.9,0,0
2024-10-31,226.5,748.0,9.8,0,0
2024-11-01,259.6,850.0,10.7,0,0
2024-11-02,308.6,949.0,8.3,0,0
2024-11-03,267.0,876.0,11.2,0,0
2024-11-04,289.4,896.0,15.7,1,0
2024-11-05,194.3,614.0,12.9,0,0
2024-11-06,213.4,688.0,8.2,0,0
2024-11-07,220.8,693.0,8.6,0,0
2024-11-08,258.0,872.0,9.3,0,0
2024-11-09,323.9,1011.0,12.0,0,0
2024-11-10,274.0,813.0,8.2,0,0
2024-11-11,208.3,685.0,8.3,0,0
2024-11-12,219.6,668.0,11.3,0,0
2024-11-13,215.7,660.0,11.2,0,0
2024-11-14,224.8,607.0,8.5,0,0
2024-11-15,268.3,862.0,6.9,0,0
2024-11-16,296.1,943.0,5.9,0,0
2024-11-17,284.8,907.0,7.5,0,0
2024-11-18,215.1,696.0,4.3,0,0
2024-11-19,199.1,668.0,10.1,0,0
2024-11-20,206.0,637.0,7.2,0,0
2024-11-21,238.5,767.0,9.3,0,0
2024-11-22,275.3,831.0,11.9,0,0
2024-11-23,310.8,953.0,10.4,0,0
2024-11-24,283.1,909.0,5.7,0,0
2024-11-25,201.2,635.0,9.6,0,0
2024-11-26,204.0,593.0,10.0,0,0
2024-11-27,210.3,663.0,6.1,0,0
2024-11-28,120.1,367.0,5.6,0,1
2024-11-29,275.8,831.0,7.2,0,0
2024-11-30,305.5,960.0,4.1,0,0
2024-12-01,295.5,904.0,10.1,0,0
2024-12-02,209.3,602.0,2.2,0,0
2024-12-03,267.0,794.0,4.7,1,0
2024-12-04,207.1,695.0,6.3,0,0
2024-12-05,313.7,927.0,6.3,1,0
2024-12-06,281.4,879.0,7.0,0,0
2024-12-07,318.4,1005.0,7.1,0,0
2024-12-08,290.8,921.0,6.0,0,0
2024-12-09,233.0,685.0,8.7,0,0
2024-12-10,281.7,864.0,2.0,1,0
2024-12-11,234.5,731.0,6.2,0,0
2024-12-12,241.6,773.0,4.7,0,0
2024-12-13,274.0,830.0,6.3,0,0
2024-12-14,339.4,1017.0,6.4,0,0
2024-12-15,295.3,945.0,4.1,0,0
2024-12-16,231.4,751.0,4.6,0,0
2024-12-17,215.3,678.0,7.4,0,0
2024-12-18,311.7,948.0,6.4,1,0
2024-12-19,254.6,802.0,4.3,0,0
2024-12-20,298.6,929.0,9.7,0,0
2024-12-21,346.9,1100.0,10.1,0,0
2024-12-22,299.0,889.0,2.5,0,0
2024-12-23,230.4,718.0,6.0,0,0
2024-12-24,121.3,371.0,10.4,0,1
2024-12-25,128.6,365.0,6.9,0,1
2024-12-26,250.2,782.0,5.7,0,0
2024-12-27,304.4,945.0,4.8,0,0
2024-12-28,338.7,1038.0,4.1,0,0
2024-12-29,312.0,979.0,4.8,0,0
2024-12-30,228.6,666.0,4.0,0,0
2024-12-31,113.6,351.0,6.6,0,1
2025-01-01,134.9,431.0,4.3,0,1
2025-01-02,253.6,795.0,4.2,0,0
2025-01-03,281.7,905.0,2.6,0,0
2025-01-04,340.4,1019.0,4.9,0,0
2025-01-05,304.1,897.0,3.2,0,0
2025-01-06,251.0,785.0,4.7,0,0
2025-01-07,227.0,717.0,7.1,0,0
2025-01-08,243.8,820.0,5.7,0,0
2025-01-09,254.6,808.0,6.0,0,0
2025-01-10,303.6,915.0,5.7,0,0
2025-01-11,356.8,1130.0,5.1,0,0
2025-01-12,327.7,991.0,4.8,0,0
2025-01-13,231.1,672.0,4.4,0,0
2025-01-14,232.4,799.0,6.6,0,0
2025-01-15,318.5,997.0,2.9,1,0
2025-01-16,260.5,829.0,7.8,0,0
2025-01-17,303.8,959.0,5.2,0,0
2025-01-18,473.5,1522.0,3.6,1,0
2025-01-19,297.8,932.0,4.2,0,0
2025-01-20,243.5,791.0,3.8,0,0
2025-01-21,233.0,692.0,5.5,0,0
2025-01-22,236.0,690.0,3.8,0,0
2025-01-23,260.8,851.0,7.6,0,0
2025-01-24,317.1,1027.0,3.8,0,0
2025-01-25,355.7,1118.0,0.8,0,0
2025-01-26,327.7,1023.0,4.0,0,0
2025-01-27,249.0,777.0,1.5,0,0
2025-01-28,226.8,682.0,5.5,0,0
2025-01-29,254.3,834.0,7.7,0,0
2025-01-30,271.3,861.0,6.9,0,0
2025-01-31,306.7,966.0,3.0,0,0
2025-02-01,361.5,1132.0,4.3,0,0
2025-02-02,330.7,1057.0,9.4,0,0
2025-02-03,256.5,810.0,6.6,0,0
2025-02-04,234.8,750.0,6.0,0,0
2025-02-05,249.3,738.0,8.2,0,0
2025-02-06,279.4,882.0,11.0,0,0
2025-02-07,321.1,1061.0,8.8,0,0
2025-02-08,361.3,1105.0,6.6,0,0
2025-02-09,325.7,1006.0,7.1,0,0
2025-02-10,250.7,804.0,7.7,0,0
2025-02-11,229.9,742.0,5.3,0,0
2025-02-12,245.8,781.0,4.6,0,0
2025-02-13,272.3,795.0,6.9,0,0
2025-02-14,330.6,1040.0,5.0,0,0
2025-02-15,381.7,1148.0,6.8,0,0
2025-02-16,335.4,1015.0,7.3,0,0
2025-02-17,258.2,817.0,11.9,0,0
2025-02-18,253.5,777.0,5.6,0,0
2025-02-19,254.5,813.0,7.1,0,0
2025-02-20,278.2,957.0,7.2,0,0
2025-02-21,323.7,1027.0,8.5,0,0
2025-02-22,379.5,1198.0,9.8,0,0
2025-02-23,343.8,1039.0,6.9,0,0
2025-02-24,251.1,759.0,6.3,0,0
2025-02-25,252.4,751.0,4.8,0,0
2025-02-26,329.1,1004.0,6.4,1,0
2025-02-27,288.6,862.0,9.4,0,0
2025-02-28,422.4,1290.0,8.6,1,0
2025-03-01,387.6,1195.0,6.6,0,0
2025-03-02,332.3,1000.0,8.0,0,0
2025-03-03,255.2,748.0,8.9,0,0
2025-03-04,251.2,738.0,10.0,0,0
2025-03-05,264.2,833.0,8.0,0,0
2025-03-06,273.5,850.0,8.8,0,0
2025-03-07,315.5,1009.0,5.8,0,0
2025-03-08,363.1,1157.0,7.3,0,0
2025-03-09,343.5,1055.0,13.0,0,0
2025-03-10,249.6,794.0,5.5,0,0
2025-03-11,320.0,949.0,9.4,1,0
2025-03-12,252.5,851.0,10.6,0,0
2025-03-13,280.2,905.0,9.6,0,0
2025-03-14,316.5,975.0,8.9,0,0
2025-03-15,509.8,1546.0,10.5,1,0
2025-03-16,350.7,1099.0,10.8,0,0
2025-03-17,242.4,695.0,10.8,0,0
2025-03-18,238.3,715.0,7.4,0,0
2025-03-19,254.6,812.0,11.0,0,0
2025-03-20,286.7,891.0,9.7,0,0
2025-03-21,316.4,966.0,10.5,0,0
2025-03-22,378.8,1203.0,12.2,0,0
2025-03-23,332.7,1000.0,13.2,0,0
2025-03-24,267.2,837.0,13.9,0,0
2025-03-25,244.9,744.0,11.2,0,0
2025-03-26,260.5,782.0,14.3,0,0
2025-03-27,292.3,920.0,14.9,0,0
2025-03-28,327.3,985.0,15.0,0,0
2025-03-29,370.9,1207.0,15.7,0,0
2025-03-30,343.5,1047.0,12.8,0,0
2025-03-31,261.1,869.0,12.9,0,0
2025-04-01,247.3,734.0,15.1,0,0
2025-04-02,263.2,834.0,10.9,0,0
2025-04-03,296.3,883.0,14.2,0,0
2025-04-04,315.3,937.0,12.9,0,0
2025-04-05,371.2,1155.0,13.4,0,0
2025-04-06,345.9,1093.0,10.8,0,0
2025-04-07,268.1,793.0,12.7,0,0
2025-04-08,240.2,780.0,14.6,0,0
2025-04-09,252.6,759.0,16.6,0,0
2025-04-10,283.5,883.0,16.9,0,0
2025-04-11,320.8,1006.0,15.0,0,0
2025-04-12,364.1,1147.0,14.9,0,0
2025-04-13,335.6,986.0,13.8,0,0
2025-04-14,250.1,824.0,16.4,0,0
2025-04-15,313.3,988.0,15.3,1,0
2025-04-16,268.1,818.0,17.2,0,0
2025-04-17,284.7,852.0,19.7,0,0
2025-04-18,323.2,951.0,16.3,0,0
2025-04-19,376.2,1125.0,13.5,0,0
2025-04-20,340.4,1071.0,14.9,0,0
2025-04-21,251.4,769.0,13.9,0,0
2025-04-22,242.2,717.0,14.6,0,0
2025-04-23,255.5,776.0,19.8,0,0
2025-04-24,298.5,972.0,17.8,0,0
2025-04-25,323.0,991.0,14.5,0,0
2025-04-26,366.6,1119.0,19.0,0,0
2025-04-27,338.4,1090.0,20.4,0,0
2025-04-28,262.1,826.0,17.3,0,0
2025-04-29,246.4,765.0,16.8,0,0
2025-04-30,270.8,821.0,17.7,0,0
2025-05-01,166.9,471.0,19.1,0,1
2025-05-02,318.0,951.0,19.9,0,0
2025-05-03,373.7,1144.0,21.2,0,0
2025-05-04,325.8,1003.0,21.4,0,0
2025-05-05,261.8,822.0,21.5,0,0
2025-05-06,248.7,788.0,22.0,0,0
2025-05-07,279.4,873.0,20.8,0,0
2025-05-08,276.9,865.0,16.5,0,0
2025-05-09,300.9,903.0,19.5,0,0
2025-05-10,481.6,1428.0,20.5,1,0
2025-05-11,329.6,1006.0,19.3,0,0
2025-05-12,247.4,738.0,22.0,0,0
2025-05-13,234.0,706.0,19.6,0,0
2025-05-14,248.5,762.0,18.6,0,0
2025-05-15,285.8,849.0,23.5,0,0
2025-05-16,316.1,947.0,22.1,0,0
2025-05-17,358.0,1107.0,21.3,0,0
2025-05-18,336.1,1045.0,22.9,0,0
2025-05-19,251.7,761.0,23.3,0,0
2025-05-20,237.4,751.0,22.0,0,0
2025-05-21,233.9,718.0,16.5,0,0
2025-05-22,268.1,801.0,20.2,0,0
2025-05-23,316.4,982.0,20.8,0,0
2025-05-24,344.9,1126.0,19.9,0,0
2025-05-25,323.9,984.0,22.4,0,0
2025-05-26,260.1,841.0,24.5,0,0
2025-05-27,305.8,989.0,21.2,1,0
2025-05-28,248.7,816.0,20.1,0,0
2025-05-29,271.1,816.0,26.5,0,0
2025-05-30,318.6,1048.0,21.6,0,0
2025-05-31,475.0,1476.0,20.2,1,0
2025-06-01,323.1,994.0,23.2,0,0
2025-06-02,235.8,724.0,23.7,0,0
2025-06-03,225.9,718.0,21.6,0,0
2025-06-04,258.1,802.0,24.7,0,0
2025-06-05,283.5,874.0,22.2,0,0
2025-06-06,305.9,987.0,21.4,0,0
2025-06-07,363.4,1105.0,23.7,0,0
2025-06-08,314.5,944.0,25.0,0,0
2025-06-09,242.8,777.0,22.3,0,0
2025-06-10,235.2,750.0,24.3,0,0
2025-06-11,248.6,804.0,23.5,0,0
2025-06-12,264.7,788.0,29.5,0,0
2025-06-13,308.3,988.0,22.5,0,0
2025-06-14,363.5,1141.0,26.7,0,0
2025-06-15,401.2,1297.0,23.9,1,0
2025-06-16,232.5,683.0,23.9,0,0
2025-06-17,236.9,741.0,25.6,0,0
2025-06-18,240.5,737.0,26.0,0,0
2025-06-19,250.4,729.0,26.9,0,0
2025-06-20,306.9,930.0,25.0,0,0
2025-06-21,344.1,1100.0,23.2,0,0
2025-06-22,304.5,930.0,23.4,0,0
2025-06-23,259.7,783.0,25.6,0,0
2025-06-24,232.4,746.0,25.8,0,0
2025-06-25,238.7,770.0,27.4,0,0
2025-06-26,264.8,850.0,25.5,0,0
2025-06-27,291.0,878.0,26.8,0,0
2025-06-28,339.0,1049.0,27.8,0,0
2025-06-29,309.9,992.0,25.1,0,0
2025-06-30,229.8,693.0,21.9,0,0
2025-07-01,220.0,660.0,22.5,0,0
2025-07-02,247.0,791.0,22.0,0,0
2025-07-03,271.5,889.0,28.1,0,0
2025-07-04,169.0,489.0,23.2,0,1
2025-07-05,344.6,990.0,27.4,0,0
2025-07-06,308.5,913.0,26.1,0,0
2025-07-07,253.0,754.0,28.4,0,0
2025-07-08,227.7,702.0,27.0,0,0
2025-07-09,250.0,794.0,24.8,0,0
2025-07-10,248.9,767.0,24.6,0,0
2025-07-11,376.0,1145.0,25.2,1,0
2025-07-12,322.4,1004.0,25.3,0,0
2025-07-13,295.3,887.0,23.9,0,0
2025-07-14,237.8,736.0,24.9,0,0
2025-07-15,303.7,922.0,28.2,1,0
2025-07-16,222.7,771.0,21.6,0,0
2025-07-17,255.3,816.0,25.5,0,0
2025-07-18,281.0,846.0,23.1,0,0
2025-07-19,324.1,975.0,25.3,0,0
2025-07-20,289.6,885.0,26.5,0,0
2025-07-21,231.7,669.0,24.7,0,0
2025-07-22,208.8,625.0,26.4,0,0
2025-07-23,226.9,681.0,21.6,0,0
2025-07-24,255.5,818.0,26.9,0,0
2025-07-25,276.7,845.0,23.5,0,0
2025-07-26,320.1,969.0,25.9,0,0
2025-07-27,283.3,838.0,25.0,0,0
2025-07-28,236.5,698.0,19.4,0,0
2025-07-29,268.8,831.0,23.0,1,0
2025-07-30,241.8,743.0,24.9,0,0
2025-07-31,259.2,837.0,27.5,0,0
2025-08-01,279.3,847.0,24.9,0,0
2025-08-02,315.1,1009.0,24.8,0,0
2025-08-03,295.4,924.0,21.4,0,0
2025-08-04,245.4,761.0,27.0,0,0
2025-08-05,214.4,604.0,27.7,0,0
2025-08-06,224.5,657.0,24.0,0,0
2025-08-07,329.6,1044.0,23.5,1,0
2025-08-08,277.1,901.0,20.6,0,0
2025-08-09,339.9,1060.0,25.5,0,0
2025-08-10,292.8,931.0,29.1,0,0
2025-08-11,232.1,707.0,25.0,0,0
2025-08-12,208.6,635.0,26.0,0,0
2025-08-13,243.5,735.0,24.5,0,0
2025-08-14,237.2,765.0,21.3,0,0
2025-08-15,263.8,828.0,25.9,0,0
2025-08-16,314.8,969.0,20.6,0,0
2025-08-17,285.9,876.0,22.6,0,0
2025-08-18,240.3,762.0,23.5,0,0
2025-08-19,276.1,866.0,24.6,1,0
2025-08-20,224.9,672.0,23.5,0,0
2025-08-21,250.6,828.0,23.3,0,0
2025-08-22,286.6,896.0,20.9,0,0
2025-08-23,313.8,973.0,19.8,0,0
2025-08-24,294.9,959.0,22.3,0,0
2025-08-25,225.0,728.0,20.7,0,0
2025-08-26,268.8,831.0,19.4,1,0
2025-08-27,219.6,697.0,19.3,0,0
2025-08-28,242.5,720.0,20.7,0,0
2025-08-29,262.4,794.0,17.9,0,0
2025-08-30,323.2,934.0,18.8,0,0
2025-08-31,269.7,873.0,18.1,0,0
2025-09-01,232.1,663.0,21.6,0,0
2025-09-02,220.4,704.0,21.9,0,0
2025-09-03,227.3,680.0,24.9,0,0
2025-09-04,232.5,692.0,17.8,0,0
2025-09-05,271.1,834.0,19.3,0,0
2025-09-06,424.2,1323.0,22.3,1,0
2025-09-07,290.8,920.0,19.9,0,0
2025-09-08,223.1,745.0,19.6,0,0
2025-09-09,224.1,706.0,23.5,0,0
2025-09-10,216.2,697.0,19.2,0,0
2025-09-11,241.4,730.0,17.5,0,0
2025-09-12,258.5,823.0,17.0,0,0
2025-09-13,325.0,1012.0,20.1,0,0
2025-09-14,288.0,879.0,19.9,0,0
2025-09-15,214.2,661.0,16.4,0,0
2025-09-16,217.3,672.0,17.0,0,0
2025-09-17,228.8,715.0,19.9,0,0
2025-09-18,222.5,702.0,19.8,0,0
2025-09-19,274.0,834.0,17.2,0,0
2025-09-20,309.2,936.0,19.6,0,0
2025-09-21,387.8,1225.0,19.3,1,0
2025-09-22,236.5,682.0,14.5,0,0
2025-09-23,206.1,620.0,17.2,0,0
2025-09-24,223.9,741.0,18.5,0,0
2025-09-25,240.2,663.0,16.4,0,0
2025-09-26,273.2,826.0,13.1,0,0
2025-09-27,325.0,1028.0,16.6,0,0
2025-09-28,300.7,883.0,18.5,0,0
2025-09-29,219.4,758.0,20.0,0,0
2025-09-30,217.8,597.0,12.3,0,0
2025-10-01,223.3,735.0,21.7,0,0
2025-10-02,243.9,803.0,14.1,0,0
2025-10-03,290.6,928.0,18.1,0,0
2025-10-04,332.4,1024.0,18.5,0,0
2025-10-05,285.5,896.0,17.8,0,0
2025-10-06,218.5,650.0,16.0,0,0
2025-10-07,205.5,661.0,13.2,0,0
2025-10-08,225.5,665.0,16.6,0,0
2025-10-09,253.6,778.0,13.7,0,0
2025-10-10,353.0,1124.0,9.9,1,0
2025-10-11,338.1,1015.0,20.5,0,0
2025-10-12,299.5,918.0,16.1,0,0
2025-10-13,235.0,733.0,18.1,0,0
2025-10-14,215.0,626.0,12.5,0,0
2025-10-15,242.1,785.0,17.1,0,0
2025-10-16,257.3,808.0,17.1,0,0
2025-10-17,294.7,868.0,16.9,0,0
2025-10-18,333.7,1033.0,13.6,0,0
2025-10-19,306.2,926.0,11.0,0,0
2025-10-20,211.2,635.0,12.9,0,0
2025-10-21,287.9,895.0,8.7,1,0
2025-10-22,220.3,662.0,9.5,0,0
2025-10-23,249.0,801.0,12.9,0,0
2025-10-24,275.4,833.0,10.6,0,0
2025-10-25,427.9,1356.0,12.1,1,0
2025-10-26,295.4,915.0,12.0,0,0
2025-10-27,229.3,737.0,16.0,0,0
2025-10-28,225.5,683.0,14.5,0,0
2025-10-29,217.8,660.0,11.7,0,0
2025-10-30,268.8,799.0,14.0,0,0
2025-10-31,289.5,915.0,9.9,0,0
2025-11-01,334.7,1066.0,10.6,0,0
2025-11-02,399.7,1303.0,12.9,1,0
2025-11-03,221.5,725.0,8.5,0,0
2025-11-04,210.0,659.0,10.3,0,0
2025-11-05,223.9,688.0,8.0,0,0
2025-11-06,257.1,809.0,10.7,0,0
2025-11-07,394.2,1221.0,13.6,1,0
2025-11-08,328.9,1064.0,8.7,0,0
2025-11-09,305.3,975.0,10.5,0,0
2025-11-10,224.4,671.0,8.1,0,0
2025-11-11,293.0,888.0,7.5,1,0
2025-11-12,246.3,805.0,7.1,0,0
2025-11-13,269.5,845.0,12.4,0,0
2025-11-14,302.2,930.0,14.0,0,0
2025-11-15,453.1,1440.0,10.1,1,0
2025-11-16,297.8,912.0,7.6,0,0
2025-11-17,225.9,692.0,10.3,0,0
2025-11-18,230.1,699.0,8.1,0,0
2025-11-19,234.5,668.0,10.2,0,0
2025-11-20,265.1,848.0,9.1,0,0
2025-11-21,297.9,887.0,8.9,0,0
2025-11-22,475.1,1456.0,9.5,1,0
2025-11-23,325.5,987.0,7.0,0,0
2025-11-24,233.9,747.0,7.2,0,0
2025-11-25,220.4,681.0,4.4,0,0
2025-11-26,233.7,725.0,6.9,0,0
2025-11-27,270.4,788.0,4.8,0,0
2025-11-28,150.4,464.0,7.2,0,1
2025-11-29,347.0,1031.0,5.5,0,0
2025-11-30,310.2,971.0,7.5,0,0
2025-12-01,234.1,737.0,8.1,0,0
2025-12-02,231.0,716.0,4.2,0,0
2025-12-03,263.1,877.0,5.4,0,0
2025-12-04,260.9,825.0,5.0,0,0
2025-12-05,321.4,1014.0,8.3,0,0
2025-12-06,372.0,1157.0,10.1,0,0
2025-12-07,319.9,986.0,8.3,0,0
2025-12-08,244.3,786.0,5.8,0,0
2025-12-09,237.4,769.0,9.3,0,0
2025-12-10,238.6,701.0,3.3,0,0
2025-12-11,295.8,949.0,9.2,0,0
2025-12-12,299.3,943.0,4.8,0,0
2025-12-13,365.5,1162.0,0.5,0,0
2025-12-14,342.0,1074.0,11.3,0,0
2025-12-15,251.4,742.0,9.1,0,0
2025-12-16,236.4,698.0,3.8,0,0
2025-12-17,259.9,860.0,6.1,0,0
2025-12-18,280.6,878.0,5.3,0,0
2025-12-19,325.1,965.0,5.9,0,0
2025-12-20,377.9,1182.0,2.6,0,0
2025-12-21,318.3,976.0,4.2,0,0
2025-12-22,268.3,776.0,6.4,0,0
2025-12-23,260.7,740.0,5.9,0,0
2025-12-24,143.5,397.0,7.8,0,1
2025-12-25,154.5,487.0,5.5,0,1
2025-12-26,322.2,997.0,10.0,0,0
2025-12-27,379.6,1169.0,3.8,0,0
2025-12-28,336.0,1050.0,5.7,0,0
2025-12-29,336.2,1060.0,1.4,1,0
2025-12-30,249.3,710.0,2.6,0,0
2025-12-31,,,,0,1
2026-01-01,,,,0,1
2026-01-02,,,,0,0
2026-01-03,,,,1,0
2026-01-04,,,,0,0
2026-01-05,,,,0,0
2026-01-06,,,,0,0
2026-01-07,,,,0,0
2026-01-08,,,,0,0
2026-01-09,,,,0,0
2026-01-10,,,,0,0
2026-01-11,,,,0,0
2026-01-12,,,,0,0
2026-01-13,,,,0,0
2026-01-14,,,,0,0
2026-01-15,,,,0,0
2026-01-16,,,,0,0
2026-01-17,,,,1,0
2026-01-18,,,,0,0
2026-01-19,,,,0,0
2026-01-20,,,,0,0
2026-01-21,,,,0,0
2026-01-22,,,,0,0
2026-01-23,,,,0,0
2026-01-24,,,,0,0
2026-01-25,,,,0,0
2026-01-26,,,,1,0
2026-01-27,,,,0,0
